Sales Person,Country,Product,Date,Amount,Clean Amount,Boxes Shipped, Price 
Jehu Rudeforth,UK,Mint Chip Choco,04/01/2022,"$5,320 ",5320,180, $29.56 
Van Tuxwell,India,85% Dark Bars,01/08/2022,"$7,896 ",7896,94, $84.00 
Gigi Bohling,India,Peanut Butter Cubes,07/07/2022,"$4,501 ",4501,91, $49.46 
Jan Morforth,Australia,Peanut Butter Cubes,27/04/2022,"$12,726 ",12726,342, $37.21 
Jehu Rudeforth,UK,Peanut Butter Cubes,24/02/2022,"$13,685 ",13685,184, $74.38 
Van Tuxwell,India,Smooth Sliky Salty,06/06/2022,"$5,376 ",5376,38, $141.47 
Oby Sorrel,UK,99% Dark & Pure,25/01/2022,"$13,685 ",13685,176, $77.76 
Gunar Cockshoot,Australia,After Nines,24/03/2022,"$3,080 ",3080,73, $42.19 
Jehu Rudeforth,New Zealand,50% Dark Bites,20/04/2022,"$3,990 ",3990,59, $67.63 
Brien Boise,Australia,99% Dark & Pure,04/07/2022,"$2,835 ",2835,102, $27.79 
Rafaelita Blaksland,UK,Smooth Sliky Salty,13/01/2022,"$4,704 ",4704,62, $75.87 
Barr Faughny,USA,Orange Choco,10/03/2022,"$3,703 ",3703,11, $336.64 
Mallorie Waber,Canada,Eclairs,13/01/2022,"$1,442 ",1442,286, $5.04 
Karlen McCaffrey,New Zealand,Drinking Coco,28/07/2022,$168 ,168,156, $1.08 
Marney O'Breen,New Zealand,Peanut Butter Cubes,03/08/2022,"$8,379 ",8379,173, $48.43 
Beverie Moffet,Australia,Organic Choco Syrup,26/01/2022,"$6,790 ",6790,356, $19.07 
Van Tuxwell,Canada,Organic Choco Syrup,14/02/2022,"$4,067 ",4067,42, $96.83 
Roddy Speechley,USA,Smooth Sliky Salty,05/04/2022,"$3,017 ",3017,140, $21.55 
Beverie Moffet,Canada,Milk Bars,16/02/2022,"$8,799 ",8799,250, $35.20 
Curtice Advani,UK,85% Dark Bars,08/06/2022,"$1,085 ",1085,172, $6.31 
Brien Boise,Australia,Eclairs,27/06/2022,"$6,888 ",6888,88, $78.27 
Gunar Cockshoot,USA,Spicy Special Slims,17/02/2022,"$1,267 ",1267,157, $8.07 
Marney O'Breen,USA,After Nines,30/05/2022,"$4,753 ",4753,163, $29.16 
Husein Augar,UK,Drinking Coco,14/03/2022,"$3,003 ",3003,113, $26.58 
Kaine Padly,Australia,Eclairs,28/02/2022,"$7,672 ",7672,115, $66.71 
Karlen McCaffrey,India,Fruit & Nut Bars,26/01/2022,$168 ,168,321, $0.52 
Roddy Speechley,Canada,Spicy Special Slims,09/02/2022,"$1,652 ",1652,186, $8.88 
Husein Augar,USA,Eclairs,07/07/2022,"$4,025 ",4025,112, $35.94 
Dennison Crosswaite,New Zealand,White Choc,05/07/2022,"$9,492 ",9492,151, $62.86 
Dennison Crosswaite,New Zealand,Manuka Honey Choco,15/06/2022,"$5,061 ",5061,301, $16.81 
Van Tuxwell,New Zealand,85% Dark Bars,24/05/2022,"$1,722 ",1722,121, $14.23 
Rafaelita Blaksland,UK,99% Dark & Pure,29/06/2022,"$12,446 ",12446,150, $82.97 
Wilone O'Kielt,Australia,Manuka Honey Choco,11/05/2022,"$4,284 ",4284,94, $45.57 
Karlen McCaffrey,UK,Almond Choco,30/06/2022,"$6,839 ",6839,133, $51.42 
Andria Kimpton,Canada,After Nines,11/05/2022,"$2,163 ",2163,70, $30.90 
Roddy Speechley,USA,Manuka Honey Choco,22/07/2022,"$9,583 ",9583,315, $30.42 
Andria Kimpton,UK,50% Dark Bites,24/08/2022,"$2,653 ",2653,314, $8.45 
Kelci Walkden,New Zealand,After Nines,07/07/2022,$147 ,147,72, $2.04 
Camilla Castle,Australia,85% Dark Bars,19/05/2022,"$3,654 ",3654,14, $261.00 
Karlen McCaffrey,India,Manuka Honey Choco,04/07/2022,"$2,443 ",2443,581, $4.20 
Kelci Walkden,USA,After Nines,02/06/2022,$938 ,938,16, $58.63 
Karlen McCaffrey,USA,Raspberry Choco,15/04/2022,"$14,749 ",14749,354, $41.66 
Mallorie Waber,Canada,Choco Coated Almonds,11/07/2022,"$4,781 ",4781,241, $19.84 
Andria Kimpton,India,Spicy Special Slims,23/02/2022,"$6,307 ",6307,142, $44.42 
Madelene Upcott,Canada,Almond Choco,22/08/2022,"$7,602 ",7602,102, $74.53 
Kaine Padly,USA,Peanut Butter Cubes,16/02/2022,"$6,790 ",6790,188, $36.12 
Van Tuxwell,USA,50% Dark Bites,13/01/2022,"$9,737 ",9737,160, $60.86 
Curtice Advani,Australia,Milk Bars,14/02/2022,"$6,979 ",6979,18, $387.72 
Roddy Speechley,India,Eclairs,10/06/2022,"$4,382 ",4382,303, $14.46 
Curtice Advani,India,Fruit & Nut Bars,07/07/2022,"$5,243 ",5243,176, $29.79 
Curtice Advani,Canada,Almond Choco,24/03/2022,"$4,865 ",4865,70, $69.50 
Brien Boise,Australia,Fruit & Nut Bars,06/06/2022,"$8,575 ",8575,23, $372.83 
Dotty Strutley,Australia,Drinking Coco,19/07/2022,$91 ,91,135, $0.67 
Beverie Moffet,USA,Raspberry Choco,19/04/2022,"$14,798 ",14798,83, $178.29 
Marney O'Breen,India,85% Dark Bars,19/07/2022,"$2,205 ",2205,179, $12.32 
Jehu Rudeforth,Canada,Drinking Coco,15/07/2022,$441 ,441,24, $18.38 
Ches Bonnell,New Zealand,Spicy Special Slims,14/02/2022,"$3,556 ",3556,18, $197.56 
Brien Boise,Canada,99% Dark & Pure,18/05/2022,"$16,793 ",16793,416, $40.37 
Barr Faughny,Australia,Fruit & Nut Bars,30/06/2022,"$15,421 ",15421,55, $280.38 
Andria Kimpton,Australia,50% Dark Bites,02/06/2022,"$4,438 ",4438,227, $19.55 
Andria Kimpton,Australia,Drinking Coco,28/06/2022,"$1,603 ",1603,48, $33.40 
Marney O'Breen,Australia,Organic Choco Syrup,16/05/2022,$273 ,273,174, $1.57 
Kelci Walkden,Canada,Baker's Choco Chips,26/05/2022,"$3,073 ",3073,302, $10.18 
Karlen McCaffrey,India,Almond Choco,06/07/2022,"$6,090 ",6090,149, $40.87 
Oby Sorrel,India,99% Dark & Pure,27/05/2022,"$10,255 ",10255,11, $932.27 
Wilone O'Kielt,Australia,Caramel Stuffed Bars,14/04/2022,"$2,030 ",2030,11, $184.55 
Van Tuxwell,Australia,Organic Choco Syrup,10/08/2022,"$19,453 ",19453,14," $1,389.50 "
Camilla Castle,India,50% Dark Bites,04/07/2022,"$9,275 ",9275,411, $22.57 
Oby Sorrel,India,Organic Choco Syrup,08/07/2022,"$6,181 ",6181,56, $110.38 
Jan Morforth,USA,Peanut Butter Cubes,22/07/2022,"$9,037 ",9037,102, $88.60 
Gigi Bohling,USA,Choco Coated Almonds,02/03/2022,"$12,313 ",12313,103, $119.54 
Gigi Bohling,UK,Almond Choco,10/01/2022,"$5,642 ",5642,9, $626.89 
Jehu Rudeforth,New Zealand,White Choc,11/03/2022,"$2,800 ",2800,241, $11.62 
Andria Kimpton,New Zealand,Peanut Butter Cubes,20/06/2022,$959 ,959,265, $3.62 
Van Tuxwell,UK,Organic Choco Syrup,26/08/2022,"$2,002 ",2002,214, $9.36 
Roddy Speechley,Canada,Milk Bars,13/07/2022,$609 ,609,32, $19.03 
Camilla Castle,USA,Spicy Special Slims,11/02/2022,"$1,274 ",1274,244, $5.22 
Marney O'Breen,USA,Orange Choco,27/01/2022,"$7,595 ",7595,181, $41.96 
Van Tuxwell,UK,99% Dark & Pure,31/01/2022,"$4,725 ",4725,137, $34.49 
Camilla Castle,USA,White Choc,18/08/2022,"$9,681 ",9681,24, $403.38 
Andria Kimpton,USA,Raspberry Choco,30/06/2022,"$14,504 ",14504,21, $690.67 
Dotty Strutley,Australia,Fruit & Nut Bars,23/08/2022,$280 ,280,311, $0.90 
Brien Boise,New Zealand,Mint Chip Choco,01/08/2022,$63 ,63,181, $0.35 
Roddy Speechley,New Zealand,After Nines,25/05/2022,"$8,001 ",8001,10, $800.10 
Roddy Speechley,Canada,Organic Choco Syrup,10/01/2022,"$4,032 ",4032,82, $49.17 
Dennison Crosswaite,Australia,70% Dark Bites,07/02/2022,"$5,859 ",5859,108, $54.25 
Karlen McCaffrey,USA,Orange Choco,12/05/2022,"$11,095 ",11095,401, $27.67 
Madelene Upcott,Australia,Spicy Special Slims,07/03/2022,"$7,182 ",7182,408, $17.60 
Dennison Crosswaite,Australia,85% Dark Bars,05/04/2022,"$6,881 ",6881,420, $16.38 
Andria Kimpton,Canada,Caramel Stuffed Bars,03/01/2022,"$7,154 ",7154,348, $20.56 
Dennison Crosswaite,UK,Eclairs,24/03/2022,"$6,188 ",6188,270, $22.92 
Madelene Upcott,India,Raspberry Choco,07/07/2022,"$4,221 ",4221,9, $469.00 
Van Tuxwell,USA,After Nines,26/07/2022,$630 ,630,264, $2.39 
Wilone O'Kielt,Australia,Organic Choco Syrup,07/07/2022,"$1,743 ",1743,111, $15.70 
Karlen McCaffrey,Canada,50% Dark Bites,15/07/2022,"$2,919 ",2919,65, $44.91 
Roddy Speechley,New Zealand,Orange Choco,01/04/2022,$49 ,49,97, $0.51 
Beverie Moffet,Australia,Eclairs,20/06/2022,"$1,827 ",1827,6, $304.50 
Kelci Walkden,UK,Fruit & Nut Bars,29/06/2022,"$13,006 ",13006,482, $26.98 
Marney O'Breen,USA,50% Dark Bites,15/06/2022,"$1,064 ",1064,106, $10.04 
Husein Augar,USA,After Nines,08/04/2022,"$11,571 ",11571,180, $64.28 
Dennison Crosswaite,Australia,Raspberry Choco,14/03/2022,"$5,740 ",5740,31, $185.16 
Andria Kimpton,USA,Fruit & Nut Bars,15/07/2022,"$1,456 ",1456,359, $4.06 
Kelci Walkden,India,Eclairs,19/04/2022,"$5,334 ",5334,80, $66.68 
Marney O'Breen,USA,99% Dark & Pure,28/03/2022,"$4,151 ",4151,296, $14.02 
Brien Boise,Canada,Spicy Special Slims,04/03/2022,"$8,106 ",8106,101, $80.26 
Karlen McCaffrey,New Zealand,70% Dark Bites,02/08/2022,$126 ,126,40, $3.15 
Husein Augar,UK,Spicy Special Slims,25/08/2022,"$4,697 ",4697,42, $111.83 
Marney O'Breen,USA,Almond Choco,25/02/2022,"$7,798 ",7798,167, $46.69 
Kelci Walkden,India,Orange Choco,07/06/2022,"$9,408 ",9408,138, $68.17 
Jan Morforth,India,Spicy Special Slims,12/04/2022,"$1,939 ",1939,520, $3.73 
Ches Bonnell,India,Spicy Special Slims,06/07/2022,"$10,906 ",10906,94, $116.02 
Kelci Walkden,UK,Smooth Sliky Salty,19/01/2022,"$5,929 ",5929,175, $33.88 
Madelene Upcott,Australia,Fruit & Nut Bars,05/01/2022,"$5,579 ",5579,92, $60.64 
Madelene Upcott,Canada,70% Dark Bites,24/01/2022,"$10,927 ",10927,141, $77.50 
Wilone O'Kielt,Australia,Drinking Coco,06/04/2022,$623 ,623,283, $2.20 
Gunar Cockshoot,Australia,Fruit & Nut Bars,15/06/2022,"$6,013 ",6013,21, $286.33 
Gigi Bohling,Canada,Baker's Choco Chips,28/01/2022,"$1,505 ",1505,47, $32.02 
Kelci Walkden,India,Caramel Stuffed Bars,16/03/2022,$476 ,476,125, $3.81 
Rafaelita Blaksland,Australia,Drinking Coco,21/02/2022,"$11,550 ",11550,396, $29.17 
Kelci Walkden,USA,Manuka Honey Choco,16/02/2022,"$17,318 ",17318,87, $199.06 
Jehu Rudeforth,Canada,Spicy Special Slims,13/01/2022,"$1,848 ",1848,27, $68.44 
Kelci Walkden,Australia,Eclairs,23/03/2022,"$7,273 ",7273,547, $13.30 
Curtice Advani,Canada,Spicy Special Slims,16/06/2022,$854 ,854,118, $7.24 
Oby Sorrel,India,Raspberry Choco,14/04/2022,"$6,832 ",6832,46, $148.52 
Kelci Walkden,UK,Eclairs,25/01/2022,"$4,606 ",4606,57, $80.81 
Jan Morforth,India,Almond Choco,11/03/2022,"$4,466 ",4466,22, $203.00 
Dotty Strutley,UK,Almond Choco,28/07/2022,"$16,114 ",16114,96, $167.85 
Marney O'Breen,New Zealand,After Nines,09/03/2022,"$1,561 ",1561,44, $35.48 
Husein Augar,Australia,Orange Choco,28/06/2022,"$8,897 ",8897,188, $47.32 
Marney O'Breen,Australia,Milk Bars,28/07/2022,"$2,464 ",2464,387, $6.37 
Kelci Walkden,Canada,99% Dark & Pure,15/08/2022,"$4,830 ",4830,50, $96.60 
Kaine Padly,Australia,Manuka Honey Choco,12/01/2022,"$2,765 ",2765,264, $10.47 
Beverie Moffet,New Zealand,White Choc,24/03/2022,"$7,126 ",7126,7," $1,018.00 "
Van Tuxwell,UK,Milk Bars,25/07/2022,"$4,263 ",4263,90, $47.37 
Oby Sorrel,Canada,99% Dark & Pure,01/08/2022,"$3,605 ",3605,403, $8.95 
Van Tuxwell,India,Organic Choco Syrup,16/05/2022,"$19,929 ",19929,174, $114.53 
Roddy Speechley,India,Smooth Sliky Salty,10/08/2022,"$5,103 ",5103,140, $36.45 
Jan Morforth,India,Eclairs,05/01/2022,"$2,541 ",2541,27, $94.11 
Ches Bonnell,UK,Smooth Sliky Salty,11/07/2022,"$5,663 ",5663,110, $51.48 
Wilone O'Kielt,USA,After Nines,25/04/2022,$392 ,392,30, $13.07 
Gigi Bohling,New Zealand,Fruit & Nut Bars,04/04/2022,"$10,976 ",10976,121, $90.71 
Barr Faughny,USA,Raspberry Choco,12/04/2022,"$9,282 ",9282,101, $91.90 
Wilone O'Kielt,New Zealand,85% Dark Bars,02/08/2022,"$1,827 ",1827,117, $15.62 
Gigi Bohling,New Zealand,Manuka Honey Choco,28/06/2022,"$8,267 ",8267,272, $30.39 
Ches Bonnell,Australia,Eclairs,05/07/2022,"$4,116 ",4116,128, $32.16 
Rafaelita Blaksland,New Zealand,Choco Coated Almonds,07/06/2022,"$2,093 ",2093,45, $46.51 
Brien Boise,New Zealand,Smooth Sliky Salty,18/01/2022,"$1,015 ",1015,27, $37.59 
Brien Boise,Australia,Baker's Choco Chips,04/01/2022,"$12,516 ",12516,212, $59.04 
Dennison Crosswaite,Australia,99% Dark & Pure,31/01/2022,"$2,758 ",2758,18, $153.22 
Kelci Walkden,India,Almond Choco,14/03/2022,"$3,297 ",3297,149, $22.13 
Camilla Castle,Australia,70% Dark Bites,29/04/2022,"$6,048 ",6048,477, $12.68 
Oby Sorrel,India,Smooth Sliky Salty,07/02/2022,"$10,101 ",10101,108, $93.53 
Kaine Padly,UK,Organic Choco Syrup,31/03/2022,"$2,282 ",2282,178, $12.82 
Marney O'Breen,India,Caramel Stuffed Bars,16/03/2022,"$4,361 ",4361,81, $53.84 
Karlen McCaffrey,UK,Eclairs,25/01/2022,"$7,798 ",7798,196, $39.79 
Van Tuxwell,India,Baker's Choco Chips,20/06/2022,"$3,052 ",3052,447, $6.83 
Gigi Bohling,UK,After Nines,29/03/2022,"$8,029 ",8029,175, $45.88 
Curtice Advani,Australia,Orange Choco,12/07/2022,$854 ,854,136, $6.28 
Jehu Rudeforth,Canada,Smooth Sliky Salty,11/07/2022,"$5,460 ",5460,138, $39.57 
Karlen McCaffrey,Canada,Smooth Sliky Salty,19/01/2022,"$3,017 ",3017,184, $16.40 
Andria Kimpton,USA,85% Dark Bars,05/04/2022,"$8,911 ",8911,82, $108.67 
Jehu Rudeforth,Canada,Milk Bars,21/02/2022,"$7,203 ",7203,12, $600.25 
Rafaelita Blaksland,New Zealand,Caramel Stuffed Bars,20/05/2022,"$13,083 ",13083,14, $934.50 
Mallorie Waber,Australia,Milk Bars,29/07/2022,"$2,779 ",2779,104, $26.72 
Barr Faughny,USA,Fruit & Nut Bars,28/01/2022,"$9,058 ",9058,46, $196.91 
Marney O'Breen,UK,Caramel Stuffed Bars,19/07/2022,"$3,549 ",3549,112, $31.69 
Mallorie Waber,New Zealand,Manuka Honey Choco,13/04/2022,"$9,436 ",9436,11, $857.82 
Roddy Speechley,India,Peanut Butter Cubes,11/02/2022,"$10,283 ",10283,21, $489.67 
Roddy Speechley,New Zealand,Milk Bars,02/03/2022,"$5,446 ",5446,116, $46.95 
Ches Bonnell,Australia,White Choc,02/03/2022,"$1,043 ",1043,202, $5.16 
Van Tuxwell,USA,99% Dark & Pure,28/07/2022,"$12,586 ",12586,6," $2,097.67 "
Kelci Walkden,India,After Nines,07/01/2022,"$1,687 ",1687,520, $3.24 
Brien Boise,UK,White Choc,12/04/2022,"$5,299 ",5299,167, $31.73 
Van Tuxwell,Canada,Almond Choco,27/06/2022,"$3,213 ",3213,72, $44.63 
Jehu Rudeforth,Australia,50% Dark Bites,14/01/2022,"$5,194 ",5194,418, $12.43 
Karlen McCaffrey,UK,Baker's Choco Chips,07/02/2022,"$4,753 ",4753,389, $12.22 
Jehu Rudeforth,Australia,Orange Choco,23/03/2022,"$13,706 ",13706,26, $527.15 
Marney O'Breen,India,Peanut Butter Cubes,10/01/2022,"$6,489 ",6489,146, $44.45 
Oby Sorrel,UK,Choco Coated Almonds,17/03/2022,"$9,324 ",9324,41, $227.41 
Gigi Bohling,USA,Spicy Special Slims,21/01/2022,"$10,829 ",10829,54, $200.54 
Barr Faughny,Australia,White Choc,04/07/2022,"$8,113 ",8113,370, $21.93 
Kaine Padly,Canada,Peanut Butter Cubes,04/07/2022,"$3,269 ",3269,176, $18.57 
Dotty Strutley,USA,Manuka Honey Choco,10/08/2022,$273 ,273,210, $1.30 
Dennison Crosswaite,Australia,50% Dark Bites,01/04/2022,"$7,287 ",7287,12, $607.25 
Gigi Bohling,India,Raspberry Choco,22/02/2022,"$2,583 ",2583,159, $16.25 
Camilla Castle,UK,White Choc,03/01/2022,"$9,982 ",9982,187, $53.38 
Karlen McCaffrey,India,Drinking Coco,31/05/2022,"$4,795 ",4795,233, $20.58 
Dotty Strutley,UK,99% Dark & Pure,03/01/2022,"$9,310 ",9310,282, $33.01 
Husein Augar,New Zealand,Caramel Stuffed Bars,27/01/2022,$497 ,497,475, $1.05 
Barr Faughny,UK,50% Dark Bites,28/01/2022,$581 ,581,65, $8.94 
Curtice Advani,Australia,Organic Choco Syrup,28/06/2022,"$3,472 ",3472,311, $11.16 
Husein Augar,UK,Choco Coated Almonds,02/03/2022,"$4,333 ",4333,43, $100.77 
Wilone O'Kielt,Australia,After Nines,27/05/2022,"$3,325 ",3325,26, $127.88 
Dennison Crosswaite,USA,Almond Choco,30/06/2022,"$11,718 ",11718,84, $139.50 
Barr Faughny,Canada,Peanut Butter Cubes,07/06/2022,"$2,100 ",2100,78, $26.92 
Kaine Padly,USA,70% Dark Bites,12/05/2022,"$4,018 ",4018,100, $40.18 
Barr Faughny,New Zealand,Raspberry Choco,29/07/2022,"$6,468 ",6468,66, $98.00 
Dennison Crosswaite,UK,White Choc,03/08/2022,"$7,238 ",7238,265, $27.31 
Barr Faughny,India,Baker's Choco Chips,18/08/2022,"$6,454 ",6454,141, $45.77 
Van Tuxwell,New Zealand,Smooth Sliky Salty,14/06/2022,"$3,115 ",3115,42, $74.17 
Beverie Moffet,UK,White Choc,30/06/2022,"$6,475 ",6475,76, $85.20 
Camilla Castle,New Zealand,Mint Chip Choco,13/06/2022,"$1,162 ",1162,190, $6.12 
Ches Bonnell,UK,Orange Choco,27/04/2022,"$14,238 ",14238,54, $263.67 
Jan Morforth,Australia,White Choc,27/07/2022,"$3,472 ",3472,32, $108.50 
Mallorie Waber,Canada,85% Dark Bars,20/04/2022,"$1,428 ",1428,424, $3.37 
Rafaelita Blaksland,India,Spicy Special Slims,04/01/2022,"$8,064 ",8064,134, $60.18 
Ches Bonnell,Australia,Mint Chip Choco,21/02/2022,"$9,660 ",9660,92, $105.00 
Karlen McCaffrey,Australia,White Choc,05/01/2022,"$7,357 ",7357,48, $153.27 
Beverie Moffet,India,Drinking Coco,15/07/2022,"$6,055 ",6055,46, $131.63 
Brien Boise,Australia,Choco Coated Almonds,25/05/2022,"$5,124 ",5124,62, $82.65 
Karlen McCaffrey,Canada,Eclairs,20/04/2022,"$3,479 ",3479,358, $9.72 
Gigi Bohling,USA,99% Dark & Pure,02/06/2022,$784 ,784,249, $3.15 
Marney O'Breen,UK,Smooth Sliky Salty,13/05/2022,"$18,991 ",18991,88, $215.81 
Beverie Moffet,New Zealand,Baker's Choco Chips,03/08/2022,"$1,372 ",1372,144, $9.53 
Beverie Moffet,Australia,Milk Bars,25/05/2022,$735 ,735,390, $1.88 
Van Tuxwell,UK,Raspberry Choco,16/03/2022,"$6,538 ",6538,79, $82.76 
Jan Morforth,Australia,Orange Choco,04/07/2022,"$3,199 ",3199,122, $26.22 
Jehu Rudeforth,India,50% Dark Bites,05/07/2022,"$3,472 ",3472,135, $25.72 
Madelene Upcott,USA,After Nines,15/03/2022,"$4,571 ",4571,430, $10.63 
Barr Faughny,UK,Raspberry Choco,22/08/2022,"$5,481 ",5481,69, $79.43 
Ches Bonnell,Australia,70% Dark Bites,12/01/2022,"$3,136 ",3136,125, $25.09 
Marney O'Breen,UK,Baker's Choco Chips,10/06/2022,$252 ,252,154, $1.64 
Kaine Padly,Australia,Peanut Butter Cubes,25/03/2022,"$5,460 ",5460,286, $19.09 
Rafaelita Blaksland,India,Almond Choco,27/07/2022,"$3,395 ",3395,99, $34.29 
Husein Augar,UK,Caramel Stuffed Bars,15/04/2022,"$14,938 ",14938,433, $34.50 
Roddy Speechley,India,Orange Choco,27/06/2022,"$4,053 ",4053,19, $213.32 
Jehu Rudeforth,UK,70% Dark Bites,14/04/2022,"$5,565 ",5565,258, $21.57 
Husein Augar,Australia,Manuka Honey Choco,15/03/2022,"$7,161 ",7161,92, $77.84 
Madelene Upcott,USA,Eclairs,18/03/2022,"$8,883 ",8883,200, $44.42 
Brien Boise,India,Eclairs,29/04/2022,"$1,351 ",1351,61, $22.15 
Mallorie Waber,New Zealand,White Choc,25/02/2022,"$3,171 ",3171,246, $12.89 
Husein Augar,USA,Milk Bars,02/03/2022,$854 ,854,56, $15.25 
Van Tuxwell,Australia,Milk Bars,20/06/2022,"$7,910 ",7910,87, $90.92 
Beverie Moffet,Canada,White Choc,15/07/2022,"$9,275 ",9275,173, $53.61 
Dotty Strutley,Australia,50% Dark Bites,12/05/2022,"$3,108 ",3108,252, $12.33 
Mallorie Waber,New Zealand,Organic Choco Syrup,01/07/2022,"$5,075 ",5075,256, $19.82 
Husein Augar,USA,85% Dark Bars,08/08/2022,$378 ,378,54, $7.00 
Madelene Upcott,Australia,50% Dark Bites,25/07/2022,"$7,350 ",7350,6," $1,225.00 "
Wilone O'Kielt,UK,Drinking Coco,18/05/2022,"$3,388 ",3388,55, $61.60 
Camilla Castle,India,Peanut Butter Cubes,15/07/2022,"$11,837 ",11837,277, $42.73 
Curtice Advani,India,70% Dark Bites,05/07/2022,"$2,282 ",2282,44, $51.86 
Mallorie Waber,USA,Manuka Honey Choco,04/07/2022,"$5,425 ",5425,96, $56.51 
Dotty Strutley,UK,70% Dark Bites,20/06/2022,"$1,267 ",1267,216, $5.87 
Gunar Cockshoot,Australia,Almond Choco,25/01/2022,"$3,752 ",3752,424, $8.85 
Kaine Padly,New Zealand,Spicy Special Slims,01/07/2022,"$7,728 ",7728,37, $208.86 
Gigi Bohling,USA,50% Dark Bites,13/04/2022,"$2,296 ",2296,59, $38.92 
Beverie Moffet,UK,Smooth Sliky Salty,04/05/2022,"$4,403 ",4403,76, $57.93 
Beverie Moffet,Australia,Baker's Choco Chips,04/08/2022,"$3,192 ",3192,109, $29.28 
Beverie Moffet,India,70% Dark Bites,01/06/2022,$448 ,448,146, $3.07 
Jehu Rudeforth,UK,Choco Coated Almonds,22/04/2022,"$4,270 ",4270,185, $23.08 
Kaine Padly,USA,50% Dark Bites,03/08/2022,$70 ,70,27, $2.59 
Ches Bonnell,USA,Orange Choco,10/06/2022,"$1,743 ",1743,69, $25.26 
Gunar Cockshoot,UK,Manuka Honey Choco,27/06/2022,"$6,762 ",6762,46, $147.00 
Marney O'Breen,Australia,Smooth Sliky Salty,03/01/2022,"$3,745 ",3745,170, $22.03 
Marney O'Breen,India,After Nines,11/07/2022,"$2,639 ",2639,179, $14.74 
Ches Bonnell,New Zealand,Milk Bars,17/08/2022,"$4,389 ",4389,126, $34.83 
Rafaelita Blaksland,USA,Fruit & Nut Bars,18/01/2022,"$2,604 ",2604,65, $40.06 
Ches Bonnell,India,Organic Choco Syrup,08/03/2022,"$16,569 ",16569,99, $167.36 
Mallorie Waber,Australia,Orange Choco,07/03/2022,"$14,658 ",14658,275, $53.30 
Husein Augar,India,70% Dark Bites,09/05/2022,"$6,454 ",6454,157, $41.11 
Barr Faughny,New Zealand,85% Dark Bars,23/05/2022,"$2,100 ",2100,157, $13.38 
Madelene Upcott,UK,Caramel Stuffed Bars,15/04/2022,$161 ,161,145, $1.11 
Gigi Bohling,Australia,Drinking Coco,27/07/2022,"$2,807 ",2807,139, $20.19 
Marney O'Breen,Canada,Choco Coated Almonds,22/08/2022,"$2,639 ",2639,406, $6.50 
Ches Bonnell,USA,70% Dark Bites,11/05/2022,"$4,571 ",4571,122, $37.47 
Madelene Upcott,India,Organic Choco Syrup,26/01/2022,"$4,781 ",4781,38, $125.82 
Barr Faughny,USA,50% Dark Bites,14/04/2022,"$13,034 ",13034,117, $111.40 
Dennison Crosswaite,New Zealand,Mint Chip Choco,05/04/2022,"$6,454 ",6454,417, $15.48 
Marney O'Breen,New Zealand,Smooth Sliky Salty,14/06/2022,"$8,484 ",8484,57, $148.84 
Brien Boise,Canada,Almond Choco,13/04/2022,"$4,781 ",4781,125, $38.25 
Beverie Moffet,Australia,White Choc,27/06/2022,"$2,240 ",2240,166, $13.49 
Dotty Strutley,Australia,Eclairs,26/01/2022,"$6,979 ",6979,3," $2,326.33 "
Barr Faughny,UK,White Choc,05/07/2022,"$1,652 ",1652,72, $22.94 
Beverie Moffet,Canada,Baker's Choco Chips,11/01/2022,"$13,447 ",13447,95, $141.55 
Kelci Walkden,USA,White Choc,07/03/2022,"$9,422 ",9422,22, $428.27 
Kaine Padly,Canada,50% Dark Bites,04/03/2022,"$8,687 ",8687,100, $86.87 
Karlen McCaffrey,Canada,Organic Choco Syrup,15/07/2022,"$2,415 ",2415,312, $7.74 
Kaine Padly,UK,Peanut Butter Cubes,11/05/2022,"$6,272 ",6272,86, $72.93 
Karlen McCaffrey,USA,Milk Bars,27/01/2022,"$4,389 ",4389,7, $627.00 
Karlen McCaffrey,India,Orange Choco,27/06/2022,"$3,122 ",3122,149, $20.95 
Ches Bonnell,India,Smooth Sliky Salty,03/08/2022,"$8,043 ",8043,18, $446.83 
Wilone O'Kielt,New Zealand,Mint Chip Choco,19/08/2022,"$11,662 ",11662,242, $48.19 
Wilone O'Kielt,Australia,Fruit & Nut Bars,15/06/2022,$392 ,392,102, $3.84 
Dennison Crosswaite,UK,Peanut Butter Cubes,07/02/2022,"$8,925 ",8925,158, $56.49 
Karlen McCaffrey,Australia,Almond Choco,08/07/2022,"$7,294 ",7294,128, $56.98 
Dennison Crosswaite,India,Milk Bars,21/04/2022,"$1,526 ",1526,96, $15.90 
Ches Bonnell,UK,Mint Chip Choco,08/04/2022,"$2,688 ",2688,209, $12.86 
Husein Augar,Australia,50% Dark Bites,19/08/2022,"$14,889 ",14889,52, $286.33 
Jan Morforth,India,Fruit & Nut Bars,04/05/2022,"$2,912 ",2912,55, $52.95 
Mallorie Waber,USA,85% Dark Bars,11/05/2022,"$2,632 ",2632,108, $24.37 
Mallorie Waber,USA,Eclairs,22/03/2022,"$6,328 ",6328,51, $124.08 
Dennison Crosswaite,Canada,Spicy Special Slims,10/08/2022,"$2,527 ",2527,216, $11.70 
Dennison Crosswaite,USA,Fruit & Nut Bars,04/05/2022,"$1,414 ",1414,318, $4.45 
Kelci Walkden,USA,99% Dark & Pure,18/08/2022,"$7,714 ",7714,238, $32.41 
Dotty Strutley,Canada,Raspberry Choco,03/08/2022,"$4,347 ",4347,238, $18.26 
Marney O'Breen,New Zealand,Milk Bars,14/01/2022,"$7,490 ",7490,315, $23.78 
Madelene Upcott,Australia,Choco Coated Almonds,08/04/2022,"$2,058 ",2058,72, $28.58 
Kelci Walkden,UK,Orange Choco,01/08/2022,"$3,640 ",3640,3," $1,213.33 "
Dennison Crosswaite,Canada,Eclairs,15/03/2022,$455 ,455,45, $10.11 
Karlen McCaffrey,India,Mint Chip Choco,15/07/2022,"$10,990 ",10990,184, $59.73 
Barr Faughny,New Zealand,Almond Choco,13/01/2022,"$5,558 ",5558,127, $43.76 
Mallorie Waber,Australia,85% Dark Bars,26/08/2022,"$2,541 ",2541,53, $47.94 
Ches Bonnell,Canada,Eclairs,10/01/2022,"$1,876 ",1876,172, $10.91 
Gigi Bohling,Australia,White Choc,11/05/2022,"$5,523 ",5523,87, $63.48 
Beverie Moffet,New Zealand,85% Dark Bars,30/08/2022,"$11,200 ",11200,22, $509.09 
Kaine Padly,USA,Caramel Stuffed Bars,21/07/2022,"$5,593 ",5593,122, $45.84 
Mallorie Waber,Australia,Almond Choco,01/08/2022,"$7,882 ",7882,125, $63.06 
Brien Boise,Canada,85% Dark Bars,17/02/2022,"$10,241 ",10241,259, $39.54 
Brien Boise,Australia,Drinking Coco,27/07/2022,"$6,832 ",6832,156, $43.79 
Dotty Strutley,USA,Orange Choco,23/02/2022,"$1,379 ",1379,107, $12.89 
Rafaelita Blaksland,Australia,50% Dark Bites,22/03/2022,"$3,010 ",3010,40, $75.25 
Dennison Crosswaite,India,99% Dark & Pure,23/06/2022,"$6,888 ",6888,311, $22.15 
Curtice Advani,UK,White Choc,01/02/2022,"$1,540 ",1540,73, $21.10 
Kelci Walkden,Australia,After Nines,02/03/2022,"$6,916 ",6916,288, $24.01 
Gigi Bohling,UK,Fruit & Nut Bars,06/04/2022,"$1,232 ",1232,86, $14.33 
Gunar Cockshoot,Australia,Raspberry Choco,17/03/2022,$602 ,602,72, $8.36 
Curtice Advani,UK,Fruit & Nut Bars,24/06/2022,"$10,927 ",10927,136, $80.35 
Barr Faughny,Canada,50% Dark Bites,19/07/2022,"$10,185 ",10185,303, $33.61 
Curtice Advani,USA,Spicy Special Slims,11/07/2022,"$1,603 ",1603,264, $6.07 
Brien Boise,India,Almond Choco,13/01/2022,"$2,170 ",2170,218, $9.95 
Oby Sorrel,New Zealand,Smooth Sliky Salty,07/07/2022,"$8,673 ",8673,60, $144.55 
Jan Morforth,India,85% Dark Bars,25/05/2022,"$4,760 ",4760,418, $11.39 
Marney O'Breen,India,Fruit & Nut Bars,13/04/2022,"$4,753 ",4753,151, $31.48 
Andria Kimpton,New Zealand,50% Dark Bites,02/03/2022,"$3,374 ",3374,202, $16.70 
Gunar Cockshoot,Canada,Raspberry Choco,23/06/2022,"$2,058 ",2058,126, $16.33 
Kelci Walkden,USA,Drinking Coco,26/07/2022,"$6,454 ",6454,160, $40.34 
Van Tuxwell,Canada,White Choc,22/03/2022,$420 ,420,3, $140.00 
Rafaelita Blaksland,USA,Baker's Choco Chips,09/06/2022,"$2,863 ",2863,58, $49.36 
Van Tuxwell,Australia,Caramel Stuffed Bars,17/05/2022,"$5,936 ",5936,59, $100.61 
Ches Bonnell,New Zealand,Peanut Butter Cubes,04/03/2022,$889 ,889,273, $3.26 
Kelci Walkden,Canada,Milk Bars,07/07/2022,"$16,016 ",16016,28, $572.00 
Dennison Crosswaite,Canada,Choco Coated Almonds,13/01/2022,"$10,479 ",10479,118, $88.81 
Curtice Advani,Australia,Almond Choco,13/07/2022,"$2,912 ",2912,75, $38.83 
Madelene Upcott,Australia,85% Dark Bars,16/06/2022,"$1,575 ",1575,329, $4.79 
Gigi Bohling,UK,50% Dark Bites,18/07/2022,"$8,197 ",8197,69, $118.80 
Ches Bonnell,UK,Manuka Honey Choco,30/05/2022,"$4,221 ",4221,395, $10.69 
Gigi Bohling,UK,70% Dark Bites,21/06/2022,$840 ,840,81, $10.37 
Jehu Rudeforth,Australia,Peanut Butter Cubes,24/06/2022,"$5,691 ",5691,38, $149.76 
Marney O'Breen,India,Eclairs,13/01/2022,"$3,472 ",3472,96, $36.17 
Curtice Advani,Canada,Fruit & Nut Bars,04/04/2022,"$4,193 ",4193,195, $21.50 
Kaine Padly,UK,Smooth Sliky Salty,08/06/2022,"$9,016 ",9016,554, $16.27 
Karlen McCaffrey,Canada,Spicy Special Slims,02/08/2022,"$6,328 ",6328,47, $134.64 
Kelci Walkden,USA,Organic Choco Syrup,21/07/2022,"$9,870 ",9870,152, $64.93 
Curtice Advani,India,Spicy Special Slims,20/06/2022,$161 ,161,134, $1.20 
Roddy Speechley,India,After Nines,22/06/2022,"$2,576 ",2576,112, $23.00 
Camilla Castle,Australia,Caramel Stuffed Bars,02/05/2022,"$3,178 ",3178,16, $198.63 
Curtice Advani,Australia,99% Dark & Pure,07/01/2022,"$4,676 ",4676,84, $55.67 
Mallorie Waber,UK,50% Dark Bites,21/02/2022,"$5,502 ",5502,99, $55.58 
Ches Bonnell,Canada,Baker's Choco Chips,21/03/2022,"$7,462 ",7462,371, $20.11 
Van Tuxwell,UK,Drinking Coco,04/04/2022,"$5,803 ",5803,136, $42.67 
Gunar Cockshoot,Canada,Fruit & Nut Bars,24/03/2022,"$13,888 ",13888,203, $68.41 
Gunar Cockshoot,New Zealand,Spicy Special Slims,28/06/2022,"$6,867 ",6867,183, $37.52 
Gunar Cockshoot,Australia,Drinking Coco,14/01/2022,"$2,317 ",2317,195, $11.88 
Karlen McCaffrey,New Zealand,Fruit & Nut Bars,07/02/2022,"$1,218 ",1218,135, $9.02 
Dennison Crosswaite,New Zealand,Drinking Coco,11/01/2022,"$4,109 ",4109,197, $20.86 
Jehu Rudeforth,India,99% Dark & Pure,25/02/2022,"$1,953 ",1953,242, $8.07 
Dotty Strutley,Australia,Mint Chip Choco,01/08/2022,"$6,790 ",6790,25, $271.60 
Roddy Speechley,Australia,Mint Chip Choco,05/05/2022,"$6,797 ",6797,252, $26.97 
Madelene Upcott,New Zealand,Raspberry Choco,18/05/2022,"$9,226 ",9226,415, $22.23 
Dotty Strutley,New Zealand,Choco Coated Almonds,04/01/2022,"$5,733 ",5733,348, $16.47 
Roddy Speechley,New Zealand,50% Dark Bites,09/05/2022,"$4,312 ",4312,211, $20.44 
Rafaelita Blaksland,India,Smooth Sliky Salty,06/05/2022,"$1,638 ",1638,81, $20.22 
Husein Augar,UK,White Choc,13/01/2022,"$10,815 ",10815,145, $74.59 
Roddy Speechley,Australia,Almond Choco,24/06/2022,"$4,466 ",4466,74, $60.35 
Van Tuxwell,USA,Caramel Stuffed Bars,14/02/2022,$987 ,987,21, $47.00 
Camilla Castle,Australia,99% Dark & Pure,18/01/2022,"$4,669 ",4669,101, $46.23 
Kaine Padly,India,Milk Bars,02/05/2022,"$2,905 ",2905,91, $31.92 
Ches Bonnell,Australia,Smooth Sliky Salty,16/05/2022,"$7,490 ",7490,54, $138.70 
Mallorie Waber,USA,Almond Choco,28/01/2022,"$6,986 ",6986,368, $18.98 
Kaine Padly,Canada,99% Dark & Pure,24/06/2022,"$1,288 ",1288,409, $3.15 
Oby Sorrel,UK,After Nines,18/07/2022,"$2,345 ",2345,104, $22.55 
Gunar Cockshoot,UK,Eclairs,13/04/2022,"$3,619 ",3619,164, $22.07 
Dotty Strutley,USA,Caramel Stuffed Bars,15/04/2022,"$16,982 ",16982,76, $223.45 
Jan Morforth,India,Peanut Butter Cubes,04/01/2022,"$8,092 ",8092,178, $45.46 
Husein Augar,Australia,Eclairs,04/07/2022,"$6,993 ",6993,31, $225.58 
Beverie Moffet,USA,Smooth Sliky Salty,24/03/2022,"$2,317 ",2317,352, $6.58 
Camilla Castle,Australia,Manuka Honey Choco,17/03/2022,$637 ,637,169, $3.77 
Oby Sorrel,Australia,Almond Choco,15/02/2022,"$6,034 ",6034,223, $27.06 
Jan Morforth,USA,Orange Choco,29/06/2022,$980 ,980,146, $6.71 
Gigi Bohling,USA,Fruit & Nut Bars,24/05/2022,"$2,821 ",2821,112, $25.19 
Mallorie Waber,UK,Milk Bars,10/01/2022,"$3,563 ",3563,284, $12.55 
Curtice Advani,USA,Raspberry Choco,15/03/2022,"$2,996 ",2996,139, $21.55 
Marney O'Breen,Canada,Milk Bars,08/02/2022,"$2,436 ",2436,309, $7.88 
Brien Boise,India,Caramel Stuffed Bars,25/02/2022,"$1,540 ",1540,100, $15.40 
Gunar Cockshoot,USA,Eclairs,03/05/2022,"$6,916 ",6916,42, $164.67 
Roddy Speechley,USA,Fruit & Nut Bars,14/06/2022,"$5,509 ",5509,24, $229.54 
Gunar Cockshoot,India,50% Dark Bites,09/08/2022,"$12,992 ",12992,83, $156.53 
Wilone O'Kielt,New Zealand,Manuka Honey Choco,11/07/2022,"$3,724 ",3724,234, $15.91 
Kaine Padly,UK,Manuka Honey Choco,14/01/2022,"$7,133 ",7133,118, $60.45 
Van Tuxwell,Canada,Manuka Honey Choco,24/02/2022,"$8,617 ",8617,46, $187.33 
Wilone O'Kielt,New Zealand,Almond Choco,15/03/2022,"$9,198 ",9198,144, $63.88 
Oby Sorrel,New Zealand,Baker's Choco Chips,25/04/2022,"$11,823 ",11823,47, $251.55 
Dennison Crosswaite,Australia,Organic Choco Syrup,10/05/2022,"$5,775 ",5775,41, $140.85 
Marney O'Breen,Australia,Spicy Special Slims,23/06/2022,"$13,125 ",13125,275, $47.73 
Beverie Moffet,Canada,Smooth Sliky Salty,28/02/2022,"$14,287 ",14287,370, $38.61 
Brien Boise,USA,Organic Choco Syrup,25/05/2022,"$16,233 ",16233,138, $117.63 
Roddy Speechley,New Zealand,Baker's Choco Chips,22/02/2022,"$5,313 ",5313,215, $24.71 
Van Tuxwell,UK,85% Dark Bars,11/07/2022,"$3,577 ",3577,134, $26.69 
Marney O'Breen,Canada,Spicy Special Slims,03/01/2022,"$3,528 ",3528,336, $10.50 
Rafaelita Blaksland,New Zealand,70% Dark Bites,24/08/2022,$679 ,679,280, $2.43 
Beverie Moffet,USA,50% Dark Bites,28/07/2022,"$2,450 ",2450,352, $6.96 
Brien Boise,USA,Mint Chip Choco,25/05/2022,"$10,577 ",10577,150, $70.51 
Karlen McCaffrey,New Zealand,Eclairs,06/05/2022,"$2,597 ",2597,177, $14.67 
Barr Faughny,India,Drinking Coco,28/01/2022,"$2,219 ",2219,142, $15.63 
Marney O'Breen,UK,Orange Choco,06/06/2022,"$11,319 ",11319,12, $943.25 
Brien Boise,New Zealand,Baker's Choco Chips,12/07/2022,"$5,978 ",5978,24, $249.08 
Ches Bonnell,Canada,Spicy Special Slims,05/08/2022,"$5,327 ",5327,183, $29.11 
Brien Boise,USA,Orange Choco,28/01/2022,"$6,020 ",6020,147, $40.95 
Kaine Padly,India,Spicy Special Slims,31/08/2022,"$5,614 ",5614,137, $40.98 
Mallorie Waber,USA,50% Dark Bites,19/04/2022,"$1,736 ",1736,13, $133.54 
Mallorie Waber,UK,Mint Chip Choco,29/06/2022,"$6,384 ",6384,2," $3,192.00 "
Beverie Moffet,India,Choco Coated Almonds,24/02/2022,"$3,577 ",3577,261, $13.70 
Madelene Upcott,UK,Smooth Sliky Salty,04/03/2022,"$14,539 ",14539,84, $173.08 
Gigi Bohling,India,Eclairs,21/06/2022,"$3,493 ",3493,68, $51.37 
Rafaelita Blaksland,Australia,Organic Choco Syrup,26/01/2022,$994 ,994,105, $9.47 
Oby Sorrel,New Zealand,White Choc,10/06/2022,"$4,361 ",4361,40, $109.03 
Andria Kimpton,UK,Drinking Coco,23/05/2022,"$1,554 ",1554,65, $23.91 
Kelci Walkden,India,Milk Bars,15/04/2022,$966 ,966,107, $9.03 
Karlen McCaffrey,New Zealand,Caramel Stuffed Bars,31/01/2022,"$5,334 ",5334,227, $23.50 
Andria Kimpton,New Zealand,Organic Choco Syrup,04/03/2022,"$4,935 ",4935,39, $126.54 
Barr Faughny,New Zealand,After Nines,19/04/2022,"$10,024 ",10024,84, $119.33 
Beverie Moffet,UK,Almond Choco,16/05/2022,"$2,506 ",2506,100, $25.06 
Oby Sorrel,Australia,Raspberry Choco,17/02/2022,"$1,043 ",1043,120, $8.69 
Dennison Crosswaite,USA,Raspberry Choco,18/01/2022,"$6,524 ",6524,257, $25.39 
Roddy Speechley,Canada,Orange Choco,09/02/2022,"$8,148 ",8148,85, $95.86 
Mallorie Waber,Canada,Orange Choco,23/03/2022,"$3,577 ",3577,178, $20.10 
Madelene Upcott,New Zealand,Caramel Stuffed Bars,01/02/2022,"$3,374 ",3374,151, $22.34 
Mallorie Waber,India,Drinking Coco,07/03/2022,"$3,948 ",3948,142, $27.80 
Ches Bonnell,UK,White Choc,03/01/2022,"$3,269 ",3269,226, $14.46 
Ches Bonnell,USA,White Choc,11/02/2022,"$5,271 ",5271,341, $15.46 
Dennison Crosswaite,New Zealand,Orange Choco,16/03/2022,"$4,571 ",4571,140, $32.65 
Dotty Strutley,India,White Choc,15/08/2022,"$12,327 ",12327,330, $37.35 
Gigi Bohling,India,Manuka Honey Choco,12/05/2022,"$4,935 ",4935,73, $67.60 
Van Tuxwell,India,Spicy Special Slims,11/04/2022,"$6,167 ",6167,4," $1,541.75 "
Jan Morforth,New Zealand,Mint Chip Choco,30/06/2022,"$18,340 ",18340,285, $64.35 
Dotty Strutley,New Zealand,White Choc,15/06/2022,"$7,014 ",7014,60, $116.90 
Rafaelita Blaksland,Canada,Caramel Stuffed Bars,01/08/2022,"$7,119 ",7119,101, $70.49 
Kaine Padly,USA,Milk Bars,15/06/2022,"$15,491 ",15491,58, $267.09 
Brien Boise,India,After Nines,16/06/2022,"$5,747 ",5747,45, $127.71 
Oby Sorrel,New Zealand,Raspberry Choco,13/05/2022,"$4,550 ",4550,281, $16.19 
Dennison Crosswaite,USA,Drinking Coco,10/05/2022,"$2,191 ",2191,138, $15.88 
Oby Sorrel,India,Eclairs,25/08/2022,"$5,663 ",5663,322, $17.59 
Ches Bonnell,New Zealand,Organic Choco Syrup,15/07/2022,"$7,623 ",7623,85, $89.68 
Gigi Bohling,UK,Baker's Choco Chips,16/05/2022,"$9,023 ",9023,409, $22.06 
Jan Morforth,Australia,50% Dark Bites,14/06/2022,"$3,402 ",3402,182, $18.69 
Beverie Moffet,Australia,Smooth Sliky Salty,25/01/2022,"$10,507 ",10507,467, $22.50 
Ches Bonnell,USA,Organic Choco Syrup,28/07/2022,"$7,721 ",7721,14, $551.50 
Brien Boise,Canada,Mint Chip Choco,28/01/2022,"$5,033 ",5033,178, $28.28 
Kaine Padly,UK,Orange Choco,29/06/2022,"$1,960 ",1960,191, $10.26 
Karlen McCaffrey,Australia,70% Dark Bites,24/06/2022,$238 ,238,317, $0.75 
Gunar Cockshoot,Canada,Mint Chip Choco,01/07/2022,"$7,756 ",7756,410, $18.92 
Roddy Speechley,USA,Peanut Butter Cubes,25/02/2022,"$1,736 ",1736,137, $12.67 
Curtice Advani,Canada,Smooth Sliky Salty,01/08/2022,"$2,660 ",2660,12, $221.67 
Oby Sorrel,Australia,Milk Bars,21/06/2022,"$7,672 ",7672,254, $30.20 
Camilla Castle,New Zealand,Spicy Special Slims,25/01/2022,"$11,564 ",11564,24, $481.83 
Gigi Bohling,UK,Milk Bars,17/05/2022,"$1,365 ",1365,232, $5.88 
Andria Kimpton,Australia,85% Dark Bars,23/08/2022,"$4,186 ",4186,233, $17.97 
Camilla Castle,Australia,Smooth Sliky Salty,03/03/2022,"$7,406 ",7406,118, $62.76 
Roddy Speechley,India,Caramel Stuffed Bars,30/05/2022,"$8,911 ",8911,543, $16.41 
Karlen McCaffrey,USA,Drinking Coco,29/06/2022,$112 ,112,223, $0.50 
Andria Kimpton,Canada,Organic Choco Syrup,04/01/2022,"$8,204 ",8204,204, $40.22 
Jehu Rudeforth,Australia,Drinking Coco,14/01/2022,"$2,611 ",2611,65, $40.17 
Karlen McCaffrey,USA,Mint Chip Choco,15/02/2022,"$15,652 ",15652,53, $295.32 
Curtice Advani,New Zealand,Spicy Special Slims,10/01/2022,"$4,074 ",4074,469, $8.69 
Madelene Upcott,USA,White Choc,04/05/2022,"$12,250 ",12250,213, $57.51 
Andria Kimpton,USA,Spicy Special Slims,23/05/2022,"$2,366 ",2366,5, $473.20 
Barr Faughny,New Zealand,Fruit & Nut Bars,26/04/2022,"$1,687 ",1687,147, $11.48 
Oby Sorrel,Canada,Organic Choco Syrup,05/07/2022,"$1,232 ",1232,74, $16.65 
Madelene Upcott,UK,Organic Choco Syrup,21/07/2022,"$6,965 ",6965,163, $42.73 
Dotty Strutley,USA,Mint Chip Choco,21/02/2022,"$5,292 ",5292,248, $21.34 
Kelci Walkden,USA,Orange Choco,03/02/2022,"$1,379 ",1379,138, $9.99 
Gigi Bohling,Australia,Caramel Stuffed Bars,08/07/2022,"$8,001 ",8001,151, $52.99 
Mallorie Waber,India,50% Dark Bites,31/05/2022,$588 ,588,139, $4.23 
Van Tuxwell,New Zealand,Mint Chip Choco,27/06/2022,"$4,046 ",4046,103, $39.28 
Van Tuxwell,India,50% Dark Bites,13/05/2022,"$5,103 ",5103,129, $39.56 
Van Tuxwell,USA,Manuka Honey Choco,31/05/2022,"$2,317 ",2317,102, $22.72 
Wilone O'Kielt,USA,Orange Choco,28/02/2022,"$7,042 ",7042,37, $190.32 
Barr Faughny,New Zealand,Eclairs,28/03/2022,"$6,713 ",6713,31, $216.55 
Gigi Bohling,USA,After Nines,14/01/2022,"$1,848 ",1848,227, $8.14 
Barr Faughny,New Zealand,Mint Chip Choco,21/02/2022,"$6,440 ",6440,145, $44.41 
Dennison Crosswaite,Canada,85% Dark Bars,01/08/2022,"$10,885 ",10885,90, $120.94 
Beverie Moffet,New Zealand,Smooth Sliky Salty,19/05/2022,"$2,387 ",2387,59, $40.46 
Husein Augar,USA,White Choc,13/07/2022,"$2,030 ",2030,60, $33.83 
Andria Kimpton,Australia,Peanut Butter Cubes,20/04/2022,"$6,678 ",6678,148, $45.12 
Dennison Crosswaite,India,85% Dark Bars,30/06/2022,"$4,515 ",4515,22, $205.23 
Curtice Advani,UK,50% Dark Bites,08/03/2022,"$3,374 ",3374,142, $23.76 
Gunar Cockshoot,USA,Fruit & Nut Bars,09/03/2022,"$5,852 ",5852,93, $62.92 
Oby Sorrel,Canada,Raspberry Choco,16/06/2022,"$1,750 ",1750,208, $8.41 
Gigi Bohling,UK,Drinking Coco,30/06/2022,"$5,782 ",5782,42, $137.67 
Kelci Walkden,India,Mint Chip Choco,28/07/2022,"$2,870 ",2870,120, $23.92 
Karlen McCaffrey,Canada,Peanut Butter Cubes,12/08/2022,"$3,094 ",3094,159, $19.46 
Barr Faughny,UK,Mint Chip Choco,07/07/2022,"$3,724 ",3724,316, $11.78 
Barr Faughny,USA,85% Dark Bars,25/08/2022,"$12,761 ",12761,47, $271.51 
Husein Augar,Canada,Eclairs,17/01/2022,"$3,696 ",3696,233, $15.86 
Jan Morforth,Australia,70% Dark Bites,04/03/2022,"$5,222 ",5222,384, $13.60 
Marney O'Breen,New Zealand,Fruit & Nut Bars,25/08/2022,"$8,939 ",8939,4," $2,234.75 "
Ches Bonnell,UK,Peanut Butter Cubes,15/04/2022,"$2,156 ",2156,260, $8.29 
Kaine Padly,USA,Organic Choco Syrup,11/03/2022,"$2,380 ",2380,22, $108.18 
Camilla Castle,USA,Raspberry Choco,20/05/2022,"$3,339 ",3339,18, $185.50 
Brien Boise,New Zealand,Manuka Honey Choco,14/06/2022,"$14,980 ",14980,42, $356.67 
Jehu Rudeforth,New Zealand,After Nines,14/04/2022,"$1,512 ",1512,73, $20.71 
Jehu Rudeforth,USA,Smooth Sliky Salty,07/07/2022,"$6,657 ",6657,154, $43.23 
Madelene Upcott,India,Mint Chip Choco,24/08/2022,"$3,836 ",3836,71, $54.03 
Jehu Rudeforth,India,Eclairs,24/02/2022,"$8,771 ",8771,127, $69.06 
Karlen McCaffrey,Canada,Raspberry Choco,09/05/2022,$651 ,651,224, $2.91 
Kaine Padly,Australia,70% Dark Bites,08/02/2022,"$6,706 ",6706,223, $30.07 
Roddy Speechley,UK,70% Dark Bites,24/03/2022,"$1,421 ",1421,284, $5.00 
Rafaelita Blaksland,USA,Drinking Coco,20/06/2022,"$8,526 ",8526,73, $116.79 
Mallorie Waber,Canada,Manuka Honey Choco,07/03/2022,"$1,435 ",1435,112, $12.81 
Kaine Padly,Australia,Fruit & Nut Bars,20/06/2022,"$7,434 ",7434,85, $87.46 
Oby Sorrel,New Zealand,Organic Choco Syrup,17/02/2022,"$15,316 ",15316,270, $56.73 
Madelene Upcott,UK,99% Dark & Pure,26/01/2022,"$10,479 ",10479,45, $232.87 
Madelene Upcott,Australia,Mint Chip Choco,02/05/2022,"$2,751 ",2751,153, $17.98 
Curtice Advani,Canada,99% Dark & Pure,07/07/2022,"$12,586 ",12586,7," $1,798.00 "
Rafaelita Blaksland,Australia,Baker's Choco Chips,22/08/2022,"$2,786 ",2786,51, $54.63 
Karlen McCaffrey,Australia,After Nines,11/08/2022,"$2,303 ",2303,67, $34.37 
Marney O'Breen,UK,99% Dark & Pure,13/01/2022,"$8,113 ",8113,194, $41.82 
Gunar Cockshoot,Australia,50% Dark Bites,02/03/2022,"$12,271 ",12271,116, $105.78 
Marney O'Breen,Australia,Choco Coated Almonds,27/07/2022,"$11,298 ",11298,41, $275.56 
Kelci Walkden,New Zealand,Drinking Coco,10/03/2022,"$15,855 ",15855,111, $142.84 
Beverie Moffet,USA,85% Dark Bars,23/08/2022,"$12,404 ",12404,334, $37.14 
Roddy Speechley,USA,Eclairs,25/04/2022,"$3,990 ",3990,155, $25.74 
Dennison Crosswaite,UK,Milk Bars,07/03/2022,"$10,808 ",10808,407, $26.56 
Wilone O'Kielt,UK,Organic Choco Syrup,12/07/2022,"$4,858 ",4858,52, $93.42 
Madelene Upcott,USA,Orange Choco,16/05/2022,"$7,742 ",7742,138, $56.10 
Gunar Cockshoot,India,Smooth Sliky Salty,02/03/2022,"$3,752 ",3752,70, $53.60 
Marney O'Breen,New Zealand,85% Dark Bars,30/05/2022,"$1,218 ",1218,149, $8.17 
Marney O'Breen,UK,Manuka Honey Choco,10/06/2022,"$10,983 ",10983,179, $61.36 
Brien Boise,USA,99% Dark & Pure,25/07/2022,"$6,769 ",6769,353, $19.18 
Beverie Moffet,New Zealand,Mint Chip Choco,09/06/2022,"$4,361 ",4361,97, $44.96 
Dennison Crosswaite,USA,Milk Bars,12/05/2022,$777 ,777,60, $12.95 
Gunar Cockshoot,USA,Drinking Coco,09/05/2022,"$3,843 ",3843,5, $768.60 
Brien Boise,Canada,Manuka Honey Choco,09/08/2022,"$6,930 ",6930,182, $38.08 
Van Tuxwell,India,Choco Coated Almonds,13/04/2022,"$5,733 ",5733,114, $50.29 
Andria Kimpton,USA,Caramel Stuffed Bars,02/05/2022,"$8,393 ",8393,46, $182.46 
Dotty Strutley,USA,99% Dark & Pure,09/08/2022,"$3,822 ",3822,320, $11.94 
Camilla Castle,Australia,Raspberry Choco,23/08/2022,"$6,342 ",6342,178, $35.63 
Gunar Cockshoot,India,Spicy Special Slims,13/05/2022,"$6,510 ",6510,170, $38.29 
Karlen McCaffrey,USA,Manuka Honey Choco,01/02/2022,"$10,171 ",10171,67, $151.81 
Camilla Castle,USA,50% Dark Bites,23/06/2022,"$5,908 ",5908,301, $19.63 
Madelene Upcott,UK,Choco Coated Almonds,24/05/2022,"$10,164 ",10164,134, $75.85 
Jan Morforth,Canada,Mint Chip Choco,01/04/2022,"$1,064 ",1064,211, $5.04 
Camilla Castle,Canada,70% Dark Bites,27/07/2022,"$9,716 ",9716,151, $64.34 
Ches Bonnell,India,Peanut Butter Cubes,27/01/2022,"$22,050 ",22050,208, $106.01 
Jan Morforth,India,Choco Coated Almonds,12/08/2022,"$2,541 ",2541,134, $18.96 
Gigi Bohling,Canada,Almond Choco,01/02/2022,"$9,989 ",9989,49, $203.86 
Rafaelita Blaksland,India,After Nines,02/03/2022,"$4,739 ",4739,204, $23.23 
Kelci Walkden,Australia,99% Dark & Pure,30/06/2022,"$3,185 ",3185,34, $93.68 
Dotty Strutley,Australia,Spicy Special Slims,17/01/2022,"$8,225 ",8225,91, $90.38 
Brien Boise,USA,Milk Bars,07/07/2022,"$14,301 ",14301,130, $110.01 
Mallorie Waber,New Zealand,Mint Chip Choco,31/01/2022,"$1,316 ",1316,107, $12.30 
Beverie Moffet,UK,99% Dark & Pure,10/08/2022,"$3,486 ",3486,121, $28.81 
Beverie Moffet,USA,Peanut Butter Cubes,18/08/2022,"$13,930 ",13930,339, $41.09 
Brien Boise,New Zealand,White Choc,15/06/2022,"$5,509 ",5509,321, $17.16 
Marney O'Breen,USA,Baker's Choco Chips,26/01/2022,"$8,470 ",8470,9, $941.11 
Kelci Walkden,USA,Spicy Special Slims,29/04/2022,$77 ,77,69, $1.12 
Mallorie Waber,Canada,White Choc,03/03/2022,"$3,381 ",3381,72, $46.96 
Kaine Padly,Australia,Almond Choco,22/02/2022,"$4,102 ",4102,392, $10.46 
Oby Sorrel,USA,Smooth Sliky Salty,04/03/2022,"$3,577 ",3577,158, $22.64 
Dennison Crosswaite,India,Smooth Sliky Salty,07/07/2022,"$2,975 ",2975,9, $330.56 
Camilla Castle,New Zealand,Caramel Stuffed Bars,17/06/2022,"$4,137 ",4137,347, $11.92 
Jan Morforth,Canada,Caramel Stuffed Bars,02/08/2022,"$9,541 ",9541,114, $83.69 
Oby Sorrel,USA,Baker's Choco Chips,12/08/2022,"$8,001 ",8001,120, $66.68 
Madelene Upcott,New Zealand,Peanut Butter Cubes,28/01/2022,"$5,152 ",5152,333, $15.47 
Kelci Walkden,Australia,Orange Choco,29/04/2022,"$11,116 ",11116,432, $25.73 
Marney O'Breen,Australia,Manuka Honey Choco,05/04/2022,"$13,076 ",13076,236, $55.41 
Kaine Padly,Canada,Manuka Honey Choco,18/01/2022,"$10,213 ",10213,135, $75.65 
Jehu Rudeforth,UK,Baker's Choco Chips,16/05/2022,"$2,485 ",2485,97, $25.62 
Kelci Walkden,Australia,White Choc,24/08/2022,"$8,715 ",8715,168, $51.88 
Curtice Advani,India,85% Dark Bars,18/01/2022,$273 ,273,402, $0.68 
Kaine Padly,USA,Eclairs,22/08/2022,"$7,623 ",7623,10, $762.30 
Gunar Cockshoot,UK,99% Dark & Pure,07/03/2022,$7 ,7,84, $0.08 
Beverie Moffet,UK,Choco Coated Almonds,04/03/2022,"$3,010 ",3010,69, $43.62 
Dotty Strutley,Canada,Manuka Honey Choco,22/04/2022,"$11,550 ",11550,111, $104.05 
Kaine Padly,Australia,Milk Bars,09/06/2022,"$4,046 ",4046,89, $45.46 
Jan Morforth,Canada,Fruit & Nut Bars,25/07/2022,"$8,904 ",8904,199, $44.74 
Jan Morforth,India,Smooth Sliky Salty,03/08/2022,"$11,298 ",11298,89, $126.94 
Rafaelita Blaksland,Australia,Manuka Honey Choco,03/08/2022,"$4,396 ",4396,131, $33.56 
Jehu Rudeforth,UK,Milk Bars,03/05/2022,"$12,068 ",12068,227, $53.16 
Husein Augar,Canada,After Nines,19/01/2022,"$9,772 ",9772,301, $32.47 
Roddy Speechley,USA,50% Dark Bites,11/02/2022,"$10,458 ",10458,316, $33.09 
Van Tuxwell,India,Almond Choco,14/06/2022,"$6,426 ",6426,390, $16.48 
Kelci Walkden,USA,50% Dark Bites,23/03/2022,"$6,188 ",6188,223, $27.75 
Madelene Upcott,Canada,85% Dark Bars,17/02/2022,"$7,504 ",7504,101, $74.30 
Dennison Crosswaite,Canada,Smooth Sliky Salty,17/03/2022,"$1,750 ",1750,479, $3.65 
Mallorie Waber,Australia,Spicy Special Slims,29/06/2022,"$5,439 ",5439,287, $18.95 
Ches Bonnell,Canada,Choco Coated Almonds,24/08/2022,"$15,547 ",15547,269, $57.80 
Gigi Bohling,Canada,Spicy Special Slims,04/07/2022,"$11,956 ",11956,277, $43.16 
Roddy Speechley,New Zealand,Almond Choco,28/03/2022,"$2,723 ",2723,67, $40.64 
Curtice Advani,India,Smooth Sliky Salty,19/04/2022,"$19,327 ",19327,135, $143.16 
Ches Bonnell,New Zealand,Mint Chip Choco,18/01/2022,"$9,058 ",9058,229, $39.55 
Van Tuxwell,New Zealand,Fruit & Nut Bars,17/01/2022,"$2,996 ",2996,88, $34.05 
Andria Kimpton,New Zealand,Mint Chip Choco,15/02/2022,"$8,848 ",8848,211, $41.93 
Andria Kimpton,UK,Milk Bars,11/02/2022,"$14,336 ",14336,293, $48.93 
Camilla Castle,USA,Manuka Honey Choco,21/03/2022,"$16,401 ",16401,179, $91.63 
Gunar Cockshoot,New Zealand,Almond Choco,05/01/2022,"$5,173 ",5173,129, $40.10 
Brien Boise,India,Raspberry Choco,30/05/2022,"$6,328 ",6328,164, $38.59 
Jehu Rudeforth,USA,99% Dark & Pure,04/01/2022,"$2,534 ",2534,219, $11.57 
Beverie Moffet,Australia,Fruit & Nut Bars,22/04/2022,"$1,435 ",1435,258, $5.56 
Gigi Bohling,Canada,Milk Bars,10/02/2022,"$3,052 ",3052,116, $26.31 
Dotty Strutley,India,Spicy Special Slims,12/08/2022,$910 ,910,204, $4.46 
Gunar Cockshoot,USA,Organic Choco Syrup,10/08/2022,"$2,331 ",2331,321, $7.26 
Kelci Walkden,Australia,Raspberry Choco,07/06/2022,$679 ,679,56, $12.13 
Jehu Rudeforth,India,Baker's Choco Chips,06/06/2022,"$2,086 ",2086,74, $28.19 
Karlen McCaffrey,New Zealand,Baker's Choco Chips,05/04/2022,"$5,012 ",5012,189, $26.52 
Wilone O'Kielt,USA,50% Dark Bites,18/04/2022,"$4,501 ",4501,131, $34.36 
Andria Kimpton,India,50% Dark Bites,31/01/2022,"$13,482 ",13482,15, $898.80 
Madelene Upcott,USA,Baker's Choco Chips,22/08/2022,"$5,621 ",5621,140, $40.15 
Jehu Rudeforth,Australia,99% Dark & Pure,25/02/2022,"$10,486 ",10486,198, $52.96 
Jan Morforth,Australia,Mint Chip Choco,22/02/2022,"$17,626 ",17626,103, $171.13 
Oby Sorrel,New Zealand,Milk Bars,12/01/2022,"$4,494 ",4494,187, $24.03 
Brien Boise,UK,Almond Choco,25/05/2022,$105 ,105,125, $0.84 
Kelci Walkden,India,Smooth Sliky Salty,01/02/2022,"$2,464 ",2464,8, $308.00 
Rafaelita Blaksland,UK,Eclairs,27/04/2022,"$1,379 ",1379,70, $19.70 
Gigi Bohling,USA,Smooth Sliky Salty,22/07/2022,"$2,583 ",2583,126, $20.50 
Curtice Advani,New Zealand,Mint Chip Choco,26/01/2022,"$3,220 ",3220,265, $12.15 
Curtice Advani,USA,Mint Chip Choco,24/08/2022,"$4,802 ",4802,296, $16.22 
Madelene Upcott,New Zealand,Fruit & Nut Bars,18/01/2022,"$5,677 ",5677,21, $270.33 
Karlen McCaffrey,India,85% Dark Bars,30/03/2022,$945 ,945,83, $11.39 
Ches Bonnell,Australia,Caramel Stuffed Bars,17/01/2022,"$8,757 ",8757,162, $54.06 
Kelci Walkden,USA,Fruit & Nut Bars,17/02/2022,"$4,816 ",4816,145, $33.21 
Kelci Walkden,Canada,Peanut Butter Cubes,08/04/2022,"$7,532 ",7532,44, $171.18 
Gigi Bohling,Canada,Drinking Coco,06/07/2022,"$3,549 ",3549,82, $43.28 
Husein Augar,India,Fruit & Nut Bars,04/04/2022,"$4,340 ",4340,226, $19.20 
Jan Morforth,New Zealand,Organic Choco Syrup,02/03/2022,"$1,799 ",1799,207, $8.69 
Gigi Bohling,New Zealand,Raspberry Choco,09/08/2022,"$1,127 ",1127,176, $6.40 
Dennison Crosswaite,Australia,Milk Bars,09/06/2022,"$10,038 ",10038,286, $35.10 
Ches Bonnell,UK,Caramel Stuffed Bars,02/06/2022,"$2,926 ",2926,300, $9.75 
Van Tuxwell,USA,Fruit & Nut Bars,05/07/2022,"$6,279 ",6279,235, $26.72 
Andria Kimpton,Canada,Eclairs,11/08/2022,$308 ,308,125, $2.46 
Madelene Upcott,India,Choco Coated Almonds,11/02/2022,"$3,500 ",3500,145, $24.14 
Kelci Walkden,New Zealand,Spicy Special Slims,11/08/2022,$658 ,658,65, $10.12 
Roddy Speechley,Australia,Drinking Coco,12/05/2022,"$12,565 ",12565,102, $123.19 
Wilone O'Kielt,USA,Milk Bars,15/07/2022,"$5,012 ",5012,93, $53.89 
Andria Kimpton,India,Organic Choco Syrup,18/01/2022,"$3,955 ",3955,134, $29.51 
Madelene Upcott,UK,Fruit & Nut Bars,05/01/2022,"$8,512 ",8512,189, $45.04 
Curtice Advani,Australia,50% Dark Bites,29/06/2022,$504 ,504,232, $2.17 
Brien Boise,Canada,Raspberry Choco,14/06/2022,"$2,800 ",2800,45, $62.22 
Gunar Cockshoot,India,Mint Chip Choco,08/08/2022,"$4,256 ",4256,67, $63.52 
Dennison Crosswaite,India,Mint Chip Choco,23/03/2022,"$13,573 ",13573,138, $98.36 
Barr Faughny,India,Caramel Stuffed Bars,04/01/2022,"$6,566 ",6566,99, $66.32 
Brien Boise,India,Milk Bars,22/02/2022,"$13,503 ",13503,251, $53.80 
Beverie Moffet,UK,Spicy Special Slims,17/02/2022,"$8,680 ",8680,252, $34.44 
Barr Faughny,USA,Almond Choco,03/02/2022,$385 ,385,78, $4.94 
Van Tuxwell,Canada,Raspberry Choco,17/03/2022,"$1,267 ",1267,130, $9.75 
Wilone O'Kielt,Australia,Baker's Choco Chips,25/01/2022,"$2,961 ",2961,154, $19.23 
Brien Boise,Australia,Milk Bars,27/07/2022,"$1,981 ",1981,52, $38.10 
Husein Augar,Australia,Fruit & Nut Bars,28/01/2022,"$7,959 ",7959,53, $150.17 
Madelene Upcott,Australia,Organic Choco Syrup,05/07/2022,"$10,794 ",10794,50, $215.88 
Van Tuxwell,India,White Choc,15/03/2022,"$1,897 ",1897,44, $43.11 
Gunar Cockshoot,Canada,After Nines,04/08/2022,"$2,744 ",2744,200, $13.72 
Jan Morforth,USA,Fruit & Nut Bars,27/06/2022,"$4,382 ",4382,361, $12.14 
Jan Morforth,Canada,After Nines,13/07/2022,"$4,515 ",4515,172, $26.25 
Barr Faughny,New Zealand,Manuka Honey Choco,24/02/2022,"$5,474 ",5474,239, $22.90 
Karlen McCaffrey,New Zealand,85% Dark Bars,28/06/2022,"$6,069 ",6069,55, $110.35 
Oby Sorrel,Australia,85% Dark Bars,30/06/2022,"$6,944 ",6944,27, $257.19 
Curtice Advani,Canada,Choco Coated Almonds,18/08/2022,"$5,859 ",5859,7, $837.00 
Kaine Padly,India,70% Dark Bites,24/01/2022,"$12,173 ",12173,301, $40.44 
Beverie Moffet,USA,White Choc,11/03/2022,"$5,292 ",5292,134, $39.49 
Ches Bonnell,New Zealand,After Nines,23/06/2022,"$5,705 ",5705,350, $16.30 
Husein Augar,India,Spicy Special Slims,22/08/2022,"$2,492 ",2492,33, $75.52 
Gunar Cockshoot,Canada,50% Dark Bites,04/01/2022,"$3,024 ",3024,23, $131.48 
Curtice Advani,India,Milk Bars,05/04/2022,"$3,437 ",3437,201, $17.10 
Beverie Moffet,India,Milk Bars,15/04/2022,"$1,869 ",1869,323, $5.79 
Husein Augar,Australia,White Choc,11/05/2022,"$3,171 ",3171,220, $14.41 
Andria Kimpton,Canada,Manuka Honey Choco,21/07/2022,"$4,858 ",4858,488, $9.95 
Jan Morforth,New Zealand,Orange Choco,11/02/2022,"$1,225 ",1225,84, $14.58 
Andria Kimpton,Canada,Smooth Sliky Salty,08/07/2022,"$1,155 ",1155,79, $14.62 
Gunar Cockshoot,UK,Raspberry Choco,11/08/2022,"$6,811 ",6811,344, $19.80 
Husein Augar,New Zealand,After Nines,04/08/2022,"$6,433 ",6433,7, $919.00 
Andria Kimpton,New Zealand,Orange Choco,14/06/2022,"$8,169 ",8169,88, $92.83 
Dennison Crosswaite,UK,Baker's Choco Chips,17/01/2022,"$2,275 ",2275,275, $8.27 
Jehu Rudeforth,Canada,Orange Choco,23/06/2022,"$3,857 ",3857,512, $7.53 
Jehu Rudeforth,UK,Smooth Sliky Salty,24/08/2022,"$1,463 ",1463,113, $12.95 
Andria Kimpton,UK,Caramel Stuffed Bars,07/06/2022,"$7,924 ",7924,275, $28.81 
Jan Morforth,UK,White Choc,22/06/2022,"$8,799 ",8799,47, $187.21 
Dotty Strutley,USA,Fruit & Nut Bars,13/07/2022,"$2,898 ",2898,276, $10.50 
Kelci Walkden,UK,Choco Coated Almonds,24/05/2022,"$9,506 ",9506,212, $44.84 
Gunar Cockshoot,New Zealand,After Nines,09/08/2022,"$7,175 ",7175,145, $49.48 
Kaine Padly,Canada,85% Dark Bars,06/04/2022,"$1,729 ",1729,31, $55.77 
Jan Morforth,New Zealand,Manuka Honey Choco,28/07/2022,"$1,589 ",1589,271, $5.86 
Gunar Cockshoot,New Zealand,Raspberry Choco,24/08/2022,$630 ,630,52, $12.12 
Van Tuxwell,Australia,99% Dark & Pure,17/01/2022,$112 ,112,128, $0.88 
Curtice Advani,USA,Drinking Coco,07/02/2022,"$5,187 ",5187,142, $36.53 
Brien Boise,Australia,Spicy Special Slims,09/05/2022,"$6,223 ",6223,256, $24.31 
Mallorie Waber,New Zealand,85% Dark Bars,06/06/2022,"$7,714 ",7714,106, $72.77 
Wilone O'Kielt,USA,Choco Coated Almonds,06/06/2022,"$9,457 ",9457,6," $1,576.17 "
Beverie Moffet,New Zealand,Organic Choco Syrup,24/05/2022,"$6,678 ",6678,226, $29.55 
Gunar Cockshoot,UK,50% Dark Bites,13/01/2022,"$2,107 ",2107,121, $17.41 
Marney O'Breen,USA,Raspberry Choco,23/05/2022,"$6,069 ",6069,151, $40.19 
Jehu Rudeforth,UK,White Choc,29/06/2022,"$1,862 ",1862,284, $6.56 
Jehu Rudeforth,New Zealand,85% Dark Bars,11/03/2022,"$6,972 ",6972,89, $78.34 
Dotty Strutley,USA,85% Dark Bars,25/04/2022,"$10,220 ",10220,508, $20.12 
Rafaelita Blaksland,Australia,Smooth Sliky Salty,30/05/2022,"$3,969 ",3969,243, $16.33 
Curtice Advani,India,Manuka Honey Choco,23/05/2022,"$1,547 ",1547,170, $9.10 
Mallorie Waber,USA,Peanut Butter Cubes,23/05/2022,"$1,162 ",1162,18, $64.56 
Van Tuxwell,Canada,Peanut Butter Cubes,24/06/2022,"$6,342 ",6342,282, $22.49 
Kelci Walkden,New Zealand,Smooth Sliky Salty,11/03/2022,"$10,633 ",10633,277, $38.39 
Rafaelita Blaksland,USA,Smooth Sliky Salty,27/07/2022,"$15,057 ",15057,212, $71.02 
Rafaelita Blaksland,USA,White Choc,16/08/2022,"$4,704 ",4704,126, $37.33 
Roddy Speechley,Canada,Smooth Sliky Salty,07/03/2022,"$9,338 ",9338,11, $848.91 
Curtice Advani,New Zealand,After Nines,05/04/2022,"$7,959 ",7959,30, $265.30 
Camilla Castle,India,85% Dark Bars,04/05/2022,"$9,023 ",9023,51, $176.92 
Ches Bonnell,USA,Choco Coated Almonds,04/01/2022,"$14,525 ",14525,92, $157.88 
Marney O'Breen,Australia,Baker's Choco Chips,13/01/2022,"$5,810 ",5810,101, $57.52 
Wilone O'Kielt,New Zealand,Fruit & Nut Bars,11/07/2022,"$6,426 ",6426,98, $65.57 
Kaine Padly,Australia,Mint Chip Choco,17/05/2022,"$4,403 ",4403,159, $27.69 
Camilla Castle,New Zealand,Peanut Butter Cubes,21/07/2022,"$1,582 ",1582,62, $25.52 
Curtice Advani,Canada,Organic Choco Syrup,22/02/2022,$791 ,791,22, $35.95 
Jan Morforth,India,99% Dark & Pure,23/05/2022,"$9,100 ",9100,187, $48.66 
Rafaelita Blaksland,Canada,Drinking Coco,12/07/2022,"$9,884 ",9884,200, $49.42 
Jan Morforth,UK,Orange Choco,15/06/2022,"$3,780 ",3780,201, $18.81 
Barr Faughny,New Zealand,50% Dark Bites,23/06/2022,"$4,557 ",4557,308, $14.80 
Curtice Advani,Australia,Eclairs,25/03/2022,"$5,796 ",5796,55, $105.38 
Jan Morforth,India,Caramel Stuffed Bars,04/07/2022,$84 ,84,153, $0.55 
Andria Kimpton,UK,White Choc,12/05/2022,"$9,037 ",9037,101, $89.48 
Camilla Castle,New Zealand,Raspberry Choco,04/04/2022,"$4,746 ",4746,137, $34.64 
Madelene Upcott,Australia,Orange Choco,15/04/2022,"$6,713 ",6713,398, $16.87 
Roddy Speechley,Canada,Eclairs,08/03/2022,"$6,237 ",6237,88, $70.88 
Karlen McCaffrey,India,White Choc,17/01/2022,"$7,483 ",7483,232, $32.25 
Wilone O'Kielt,India,Mint Chip Choco,22/08/2022,"$1,309 ",1309,51, $25.67 
Andria Kimpton,UK,99% Dark & Pure,25/07/2022,"$1,155 ",1155,66, $17.50 
Marney O'Breen,UK,50% Dark Bites,14/06/2022,"$2,989 ",2989,124, $24.10 
Ches Bonnell,India,Choco Coated Almonds,05/04/2022,"$9,625 ",9625,78, $123.40 
Madelene Upcott,UK,Raspberry Choco,26/08/2022,"$7,357 ",7357,341, $21.57 
Wilone O'Kielt,Australia,50% Dark Bites,03/08/2022,"$10,031 ",10031,114, $87.99 
Gigi Bohling,Canada,White Choc,11/07/2022,"$6,587 ",6587,4," $1,646.75 "
Wilone O'Kielt,New Zealand,Eclairs,11/03/2022,"$3,311 ",3311,22, $150.50 
Brien Boise,UK,Peanut Butter Cubes,10/01/2022,"$15,330 ",15330,30, $511.00 
Roddy Speechley,UK,Baker's Choco Chips,04/04/2022,"$14,028 ",14028,351, $39.97 
Karlen McCaffrey,Australia,50% Dark Bites,17/01/2022,"$6,678 ",6678,708, $9.43 
Marney O'Breen,New Zealand,Organic Choco Syrup,08/07/2022,"$8,624 ",8624,50, $172.48 
Jan Morforth,UK,Organic Choco Syrup,12/04/2022,"$1,197 ",1197,356, $3.36 
Rafaelita Blaksland,Canada,Fruit & Nut Bars,24/08/2022,$483 ,483,185, $2.61 
Ches Bonnell,UK,Choco Coated Almonds,07/06/2022,"$1,687 ",1687,236, $7.15 
Gunar Cockshoot,Canada,Almond Choco,28/07/2022,"$1,309 ",1309,30, $43.63 
Husein Augar,USA,99% Dark & Pure,21/02/2022,"$9,534 ",9534,111, $85.89 
Dennison Crosswaite,Canada,Mint Chip Choco,08/04/2022,"$1,694 ",1694,289, $5.86 
Brien Boise,UK,Manuka Honey Choco,28/06/2022,$70 ,70,103, $0.68 
Van Tuxwell,UK,Baker's Choco Chips,24/03/2022,"$2,443 ",2443,20, $122.15 
Barr Faughny,Australia,Caramel Stuffed Bars,29/07/2022,"$2,933 ",2933,55, $53.33 
Dennison Crosswaite,USA,Eclairs,25/05/2022,"$2,044 ",2044,90, $22.71 
Gigi Bohling,Australia,Raspberry Choco,30/03/2022,"$6,524 ",6524,303, $21.53 
Dennison Crosswaite,USA,Organic Choco Syrup,18/07/2022,"$12,656 ",12656,126, $100.44 
Beverie Moffet,Canada,Orange Choco,10/05/2022,"$8,722 ",8722,109, $80.02 
Mallorie Waber,Australia,Choco Coated Almonds,18/03/2022,"$15,750 ",15750,92, $171.20 
Ches Bonnell,India,Caramel Stuffed Bars,15/06/2022,"$6,839 ",6839,56, $122.13 
Van Tuxwell,Canada,50% Dark Bites,12/05/2022,"$13,685 ",13685,58, $235.95 
Kelci Walkden,New Zealand,Baker's Choco Chips,23/06/2022,"$2,912 ",2912,110, $26.47 
Beverie Moffet,India,Spicy Special Slims,21/04/2022,"$3,339 ",3339,171, $19.53 
Gigi Bohling,Australia,Almond Choco,17/08/2022,$910 ,910,117, $7.78 
Rafaelita Blaksland,New Zealand,Eclairs,07/02/2022,"$19,481 ",19481,51, $381.98 
Kelci Walkden,Canada,Smooth Sliky Salty,17/03/2022,"$8,099 ",8099,118, $68.64 
Jan Morforth,India,Baker's Choco Chips,01/08/2022,"$13,727 ",13727,79, $173.76 
Jehu Rudeforth,Australia,Milk Bars,18/03/2022,"$8,659 ",8659,29, $298.59 
Gigi Bohling,Canada,Fruit & Nut Bars,14/06/2022,"$5,782 ",5782,103, $56.14 
Beverie Moffet,UK,Eclairs,22/04/2022,"$8,463 ",8463,155, $54.60 
Marney O'Breen,New Zealand,Eclairs,18/01/2022,"$4,914 ",4914,31, $158.52 
Husein Augar,Australia,99% Dark & Pure,26/08/2022,"$3,087 ",3087,128, $24.12 
Gunar Cockshoot,New Zealand,Fruit & Nut Bars,10/06/2022,"$9,205 ",9205,419, $21.97 
Curtice Advani,Canada,70% Dark Bites,31/01/2022,"$2,303 ",2303,7, $329.00 
Kelci Walkden,New Zealand,Manuka Honey Choco,08/04/2022,"$1,358 ",1358,106, $12.81 
Dotty Strutley,Australia,Baker's Choco Chips,07/06/2022,"$3,605 ",3605,68, $53.01 
Barr Faughny,Australia,85% Dark Bars,10/02/2022,"$8,498 ",8498,44, $193.14 
Beverie Moffet,Australia,50% Dark Bites,16/05/2022,$700 ,700,457, $1.53 
Gunar Cockshoot,India,Baker's Choco Chips,18/03/2022,"$2,191 ",2191,524, $4.18 
Van Tuxwell,Australia,50% Dark Bites,13/07/2022,$644 ,644,137, $4.70 
Oby Sorrel,USA,Manuka Honey Choco,25/07/2022,"$4,340 ",4340,86, $50.47 
Van Tuxwell,Canada,Choco Coated Almonds,19/08/2022,"$2,282 ",2282,296, $7.71 
Karlen McCaffrey,Canada,70% Dark Bites,24/06/2022,"$7,714 ",7714,597, $12.92 
Kelci Walkden,Canada,Fruit & Nut Bars,20/06/2022,$826 ,826,149, $5.54 
Camilla Castle,India,99% Dark & Pure,02/08/2022,$203 ,203,207, $0.98 
Madelene Upcott,New Zealand,70% Dark Bites,22/02/2022,"$13,356 ",13356,93, $143.61 
Mallorie Waber,New Zealand,Orange Choco,01/02/2022,"$6,510 ",6510,23, $283.04 
Jan Morforth,Canada,70% Dark Bites,14/02/2022,"$5,894 ",5894,305, $19.32 
Kelci Walkden,Australia,Milk Bars,24/02/2022,"$7,910 ",7910,125, $63.28 
Dennison Crosswaite,India,Orange Choco,18/03/2022,$784 ,784,129, $6.08 
Husein Augar,UK,Eclairs,30/08/2022,"$1,750 ",1750,252, $6.94 
Gigi Bohling,USA,Peanut Butter Cubes,09/05/2022,$280 ,280,75, $3.73 
Wilone O'Kielt,USA,Smooth Sliky Salty,18/01/2022,$504 ,504,87, $5.79 
Curtice Advani,India,White Choc,04/07/2022,"$7,154 ",7154,342, $20.92 
Oby Sorrel,New Zealand,Spicy Special Slims,03/06/2022,"$1,617 ",1617,13, $124.38 
Beverie Moffet,New Zealand,Peanut Butter Cubes,23/02/2022,"$10,822 ",10822,30, $360.73 
Dotty Strutley,New Zealand,99% Dark & Pure,09/05/2022,"$10,724 ",10724,203, $52.83 
Kelci Walkden,India,70% Dark Bites,06/06/2022,"$3,640 ",3640,106, $34.34 
Kelci Walkden,India,Drinking Coco,04/07/2022,"$7,532 ",7532,234, $32.19 
Brien Boise,New Zealand,Drinking Coco,06/06/2022,"$1,582 ",1582,100, $15.82 
Dotty Strutley,Australia,Almond Choco,13/05/2022,"$1,456 ",1456,91, $16.00 
Wilone O'Kielt,New Zealand,Organic Choco Syrup,31/01/2022,"$2,016 ",2016,277, $7.28 
Ches Bonnell,New Zealand,Caramel Stuffed Bars,30/06/2022,"$7,588 ",7588,42, $180.67 
Barr Faughny,Canada,Manuka Honey Choco,25/08/2022,"$3,402 ",3402,249, $13.66 
Gigi Bohling,New Zealand,Smooth Sliky Salty,10/01/2022,$700 ,700,97, $7.22 
Brien Boise,USA,Manuka Honey Choco,22/08/2022,"$1,904 ",1904,8, $238.00 
Roddy Speechley,New Zealand,85% Dark Bars,14/04/2022,"$4,844 ",4844,275, $17.61 
Oby Sorrel,UK,Smooth Sliky Salty,31/05/2022,"$9,625 ",9625,313, $30.75 
Oby Sorrel,UK,Raspberry Choco,08/04/2022,"$4,599 ",4599,323, $14.24 
Roddy Speechley,USA,Drinking Coco,21/02/2022,"$3,003 ",3003,155, $19.37 
Andria Kimpton,Australia,Manuka Honey Choco,30/03/2022,"$9,744 ",9744,377, $25.85 
Mallorie Waber,India,Raspberry Choco,02/03/2022,"$1,400 ",1400,2, $700.00 
Jehu Rudeforth,USA,Orange Choco,28/07/2022,$364 ,364,170, $2.14 
Kaine Padly,New Zealand,70% Dark Bites,24/03/2022,"$7,231 ",7231,38, $190.29 
Curtice Advani,Australia,After Nines,11/08/2022,$63 ,63,105, $0.60 
Husein Augar,UK,Almond Choco,17/05/2022,"$8,309 ",8309,166, $50.05 
Kaine Padly,Canada,Choco Coated Almonds,18/05/2022,"$3,164 ",3164,164, $19.29 
Roddy Speechley,UK,Peanut Butter Cubes,17/08/2022,"$5,691 ",5691,171, $33.28 
Ches Bonnell,New Zealand,Eclairs,04/04/2022,$490 ,490,49, $10.00 
Brien Boise,India,85% Dark Bars,09/08/2022,"$18,032 ",18032,205, $87.96 
Brien Boise,New Zealand,Organic Choco Syrup,17/01/2022,$637 ,637,313, $2.04 
Andria Kimpton,Canada,White Choc,14/02/2022,"$4,067 ",4067,29, $140.24 
Gigi Bohling,New Zealand,Orange Choco,16/05/2022,"$8,204 ",8204,307, $26.72 
Ches Bonnell,Canada,Smooth Sliky Salty,16/03/2022,"$9,870 ",9870,121, $81.57 
Husein Augar,Canada,70% Dark Bites,31/01/2022,"$5,131 ",5131,285, $18.00 
Barr Faughny,Canada,Organic Choco Syrup,10/03/2022,"$1,141 ",1141,205, $5.57 
Oby Sorrel,UK,Organic Choco Syrup,30/06/2022,"$7,980 ",7980,157, $50.83 
Van Tuxwell,New Zealand,Eclairs,01/03/2022,"$5,229 ",5229,182, $28.73 
Mallorie Waber,UK,Drinking Coco,27/05/2022,"$3,423 ",3423,100, $34.23 
Oby Sorrel,UK,Milk Bars,11/07/2022,"$6,468 ",6468,223, $29.00 
Karlen McCaffrey,New Zealand,Mint Chip Choco,02/03/2022,"$4,326 ",4326,61, $70.92 
Jehu Rudeforth,USA,Raspberry Choco,04/03/2022,"$7,154 ",7154,133, $53.79 
Kelci Walkden,UK,85% Dark Bars,23/06/2022,"$3,997 ",3997,228, $17.53 
Kelci Walkden,USA,Almond Choco,27/01/2022,"$5,180 ",5180,233, $22.23 
Marney O'Breen,Canada,Orange Choco,14/01/2022,"$2,723 ",2723,425, $6.41 
Dennison Crosswaite,India,Fruit & Nut Bars,29/07/2022,$952 ,952,24, $39.67 
Brien Boise,Canada,Smooth Sliky Salty,13/05/2022,"$5,691 ",5691,495, $11.50 
Barr Faughny,Canada,Baker's Choco Chips,03/02/2022,"$10,969 ",10969,170, $64.52 
Brien Boise,India,Smooth Sliky Salty,27/05/2022,"$5,964 ",5964,26, $229.38 
Jan Morforth,Australia,Drinking Coco,18/02/2022,"$2,821 ",2821,24, $117.54 
Brien Boise,India,Spicy Special Slims,28/01/2022,"$1,302 ",1302,33, $39.45 
Van Tuxwell,UK,Eclairs,29/06/2022,"$5,474 ",5474,109, $50.22 
Wilone O'Kielt,India,Caramel Stuffed Bars,13/01/2022,"$4,179 ",4179,276, $15.14 
Jehu Rudeforth,UK,After Nines,27/06/2022,"$1,946 ",1946,164, $11.87 
Barr Faughny,Canada,White Choc,29/03/2022,"$4,291 ",4291,1," $4,291.00 "
Gunar Cockshoot,India,Organic Choco Syrup,03/06/2022,"$7,196 ",7196,160, $44.98 
Mallorie Waber,Canada,Smooth Sliky Salty,21/03/2022,"$1,939 ",1939,98, $19.79 
Mallorie Waber,India,Eclairs,12/04/2022,"$10,437 ",10437,46, $226.89 
Rafaelita Blaksland,Australia,Raspberry Choco,19/01/2022,"$6,916 ",6916,259, $26.70 
Karlen McCaffrey,UK,50% Dark Bites,06/04/2022,"$3,647 ",3647,310, $11.76 
Kaine Padly,Australia,50% Dark Bites,02/08/2022,"$8,995 ",8995,78, $115.32 
Gigi Bohling,Australia,Eclairs,12/04/2022,"$7,252 ",7252,136, $53.32 
Oby Sorrel,India,Drinking Coco,21/07/2022,"$16,380 ",16380,130, $126.00 
Van Tuxwell,New Zealand,Baker's Choco Chips,22/03/2022,"$9,660 ",9660,24, $402.50 
Husein Augar,India,Peanut Butter Cubes,09/05/2022,"$4,522 ",4522,5, $904.40 
Andria Kimpton,Australia,Baker's Choco Chips,09/08/2022,$329 ,329,109, $3.02 
Madelene Upcott,Canada,Choco Coated Almonds,20/07/2022,"$3,458 ",3458,294, $11.76 
Brien Boise,India,70% Dark Bites,14/04/2022,"$4,641 ",4641,413, $11.24 
Jehu Rudeforth,Canada,White Choc,25/01/2022,"$4,627 ",4627,136, $34.02 
Andria Kimpton,Australia,Almond Choco,25/04/2022,"$3,192 ",3192,175, $18.24 
Dotty Strutley,Canada,After Nines,17/01/2022,$252 ,252,237, $1.06 
Karlen McCaffrey,USA,Eclairs,15/08/2022,$868 ,868,125, $6.94 
Karlen McCaffrey,Canada,Fruit & Nut Bars,02/06/2022,$210 ,210,16, $13.13 
Gunar Cockshoot,USA,85% Dark Bars,30/06/2022,"$7,007 ",7007,135, $51.90 
Dotty Strutley,New Zealand,Raspberry Choco,10/02/2022,"$5,845 ",5845,91, $64.23 
Marney O'Breen,Canada,Caramel Stuffed Bars,23/02/2022,"$1,372 ",1372,614, $2.23 
Dennison Crosswaite,India,Organic Choco Syrup,27/01/2022,"$8,428 ",8428,216, $39.02 
Camilla Castle,UK,Mint Chip Choco,26/05/2022,"$4,977 ",4977,317, $15.70 
Brien Boise,USA,70% Dark Bites,14/04/2022,"$1,694 ",1694,21, $80.67 
Madelene Upcott,Australia,99% Dark & Pure,01/08/2022,"$4,326 ",4326,154, $28.09 
Mallorie Waber,Australia,Eclairs,22/08/2022,"$9,527 ",9527,222, $42.91 
Marney O'Breen,India,99% Dark & Pure,22/07/2022,"$10,766 ",10766,157, $68.57 
Husein Augar,USA,Fruit & Nut Bars,28/04/2022,"$1,288 ",1288,27, $47.70 
Kelci Walkden,Australia,Almond Choco,30/05/2022,"$4,879 ",4879,350, $13.94 
Ches Bonnell,USA,Milk Bars,21/07/2022,"$2,408 ",2408,157, $15.34 
Jan Morforth,UK,Caramel Stuffed Bars,02/08/2022,"$3,094 ",3094,468, $6.61 
Brien Boise,New Zealand,70% Dark Bites,15/06/2022,"$7,231 ",7231,130, $55.62 
Oby Sorrel,India,85% Dark Bars,05/07/2022,"$8,981 ",8981,130, $69.08 
Kaine Padly,New Zealand,Smooth Sliky Salty,12/04/2022,$7 ,7,518, $0.01 
Gigi Bohling,Australia,70% Dark Bites,18/08/2022,"$1,372 ",1372,105, $13.07 
Jan Morforth,UK,50% Dark Bites,12/01/2022,"$5,250 ",5250,293, $17.92 
Gunar Cockshoot,Canada,White Choc,11/08/2022,"$7,560 ",7560,15, $504.00 
Jehu Rudeforth,Australia,Spicy Special Slims,13/01/2022,"$5,012 ",5012,384, $13.05 
Husein Augar,UK,Baker's Choco Chips,29/04/2022,"$3,038 ",3038,135, $22.50 
Rafaelita Blaksland,New Zealand,After Nines,07/07/2022,"$1,099 ",1099,92, $11.95 
Madelene Upcott,New Zealand,Mint Chip Choco,11/03/2022,"$7,413 ",7413,4," $1,853.25 "
Madelene Upcott,UK,70% Dark Bites,16/02/2022,"$5,397 ",5397,239, $22.58 
Barr Faughny,Australia,Organic Choco Syrup,07/01/2022,"$2,303 ",2303,33, $69.79 
Beverie Moffet,New Zealand,Drinking Coco,12/01/2022,"$1,141 ",1141,518, $2.20 
Beverie Moffet,India,Eclairs,09/06/2022,"$10,325 ",10325,147, $70.24 
Andria Kimpton,India,Eclairs,16/05/2022,"$2,149 ",2149,84, $25.58 
Gigi Bohling,UK,85% Dark Bars,23/06/2022,"$12,362 ",12362,94, $131.51 
Roddy Speechley,UK,Raspberry Choco,28/01/2022,"$12,635 ",12635,194, $65.13 
Dotty Strutley,UK,Mint Chip Choco,14/07/2022,"$2,443 ",2443,216, $11.31 
Barr Faughny,Canada,Drinking Coco,18/04/2022,"$6,237 ",6237,247, $25.25 
Oby Sorrel,USA,Milk Bars,14/06/2022,"$1,736 ",1736,79, $21.97 
Oby Sorrel,UK,Orange Choco,15/04/2022,"$7,315 ",7315,237, $30.86 
Curtice Advani,Canada,Peanut Butter Cubes,19/05/2022,"$4,935 ",4935,63, $78.33 
Gigi Bohling,India,White Choc,13/04/2022,"$1,393 ",1393,172, $8.10 
Husein Augar,Canada,Choco Coated Almonds,15/08/2022,"$3,381 ",3381,408, $8.29 
Wilone O'Kielt,India,Choco Coated Almonds,22/08/2022,"$2,933 ",2933,233, $12.59 
Wilone O'Kielt,New Zealand,Baker's Choco Chips,22/04/2022,"$3,836 ",3836,59, $65.02 
Kaine Padly,UK,Choco Coated Almonds,03/08/2022,"$8,022 ",8022,123, $65.22 
Dennison Crosswaite,New Zealand,Organic Choco Syrup,04/01/2022,$371 ,371,229, $1.62 
Kelci Walkden,Canada,After Nines,13/01/2022,"$16,702 ",16702,198, $84.35 
Van Tuxwell,Australia,Baker's Choco Chips,11/05/2022,"$13,258 ",13258,32, $414.31 
Husein Augar,New Zealand,Peanut Butter Cubes,16/02/2022,"$2,058 ",2058,236, $8.72 
Kaine Padly,UK,Caramel Stuffed Bars,20/05/2022,"$10,192 ",10192,67, $152.12 
Jehu Rudeforth,UK,Drinking Coco,03/02/2022,"$7,140 ",7140,438, $16.30 
Beverie Moffet,India,Manuka Honey Choco,06/05/2022,"$9,835 ",9835,167, $58.89 
Gunar Cockshoot,UK,Choco Coated Almonds,30/06/2022,"$5,775 ",5775,135, $42.78 
Gunar Cockshoot,UK,Smooth Sliky Salty,22/03/2022,$749 ,749,148, $5.06 
Camilla Castle,Canada,Orange Choco,17/02/2022,"$7,770 ",7770,54, $143.89 
Jehu Rudeforth,UK,85% Dark Bars,07/07/2022,"$5,502 ",5502,64, $85.97 
Oby Sorrel,UK,70% Dark Bites,16/03/2022,"$6,223 ",6223,181, $34.38 
Kelci Walkden,UK,99% Dark & Pure,12/08/2022,"$3,507 ",3507,114, $30.76 
Gigi Bohling,New Zealand,After Nines,21/01/2022,"$5,600 ",5600,181, $30.94 
Oby Sorrel,Australia,50% Dark Bites,06/05/2022,$721 ,721,151, $4.77 
Oby Sorrel,Canada,50% Dark Bites,24/06/2022,"$6,615 ",6615,137, $48.28 
Barr Faughny,USA,White Choc,05/05/2022,"$7,420 ",7420,163, $45.52 
Rafaelita Blaksland,New Zealand,99% Dark & Pure,25/03/2022,"$3,164 ",3164,84, $37.67 
Curtice Advani,Australia,Caramel Stuffed Bars,14/02/2022,"$9,114 ",9114,140, $65.10 
Curtice Advani,New Zealand,85% Dark Bars,12/05/2022,"$5,404 ",5404,187, $28.90 
Barr Faughny,New Zealand,Smooth Sliky Salty,25/01/2022,"$3,990 ",3990,169, $23.61 
Ches Bonnell,UK,85% Dark Bars,28/06/2022,"$14,924 ",14924,12," $1,243.67 "
Dennison Crosswaite,Australia,Drinking Coco,13/07/2022,"$7,091 ",7091,194, $36.55 
Roddy Speechley,USA,Milk Bars,16/05/2022,"$2,807 ",2807,252, $11.14 
Jan Morforth,India,After Nines,14/03/2022,"$6,496 ",6496,168, $38.67 
Gunar Cockshoot,USA,After Nines,15/08/2022,"$3,738 ",3738,261, $14.32 
Ches Bonnell,India,Orange Choco,16/02/2022,"$1,190 ",1190,256, $4.65 
Mallorie Waber,UK,Manuka Honey Choco,15/06/2022,"$8,379 ",8379,43, $194.86 
Barr Faughny,Australia,Raspberry Choco,27/05/2022,"$9,268 ",9268,100, $92.68 
Wilone O'Kielt,USA,Drinking Coco,14/06/2022,"$1,029 ",1029,98, $10.50 
Wilone O'Kielt,India,Eclairs,25/02/2022,"$3,549 ",3549,76, $46.70 
Wilone O'Kielt,India,After Nines,04/08/2022,"$12,026 ",12026,262, $45.90 
Kelci Walkden,India,99% Dark & Pure,28/06/2022,"$2,303 ",2303,244, $9.44 
Gunar Cockshoot,Canada,Spicy Special Slims,05/04/2022,"$13,405 ",13405,12," $1,117.08 "
Madelene Upcott,Canada,Peanut Butter Cubes,05/07/2022,"$14,763 ",14763,113, $130.65 
Kaine Padly,New Zealand,Eclairs,20/01/2022,"$12,894 ",12894,48, $268.63 
Ches Bonnell,New Zealand,Drinking Coco,16/02/2022,"$8,302 ",8302,131, $63.37 
Curtice Advani,UK,Drinking Coco,12/07/2022,$455 ,455,174, $2.61 
Kelci Walkden,India,Raspberry Choco,16/06/2022,"$8,183 ",8183,254, $32.22 
Dotty Strutley,Australia,Choco Coated Almonds,13/04/2022,"$1,645 ",1645,284, $5.79 
Kaine Padly,UK,50% Dark Bites,21/02/2022,"$3,143 ",3143,67, $46.91 
Roddy Speechley,Canada,Choco Coated Almonds,11/05/2022,"$5,873 ",5873,249, $23.59 
Ches Bonnell,India,50% Dark Bites,15/04/2022,"$11,298 ",11298,313, $36.10 
Oby Sorrel,Canada,Peanut Butter Cubes,07/06/2022,"$12,425 ",12425,167, $74.40 
Oby Sorrel,UK,White Choc,27/06/2022,"$1,715 ",1715,286, $6.00 
Barr Faughny,India,After Nines,29/07/2022,"$8,190 ",8190,109, $75.14 
Wilone O'Kielt,Canada,Smooth Sliky Salty,02/06/2022,"$4,991 ",4991,166, $30.07 
Rafaelita Blaksland,India,Mint Chip Choco,26/01/2022,"$15,491 ",15491,85, $182.25 
Rafaelita Blaksland,Canada,99% Dark & Pure,02/03/2022,"$5,096 ",5096,142, $35.89 
Van Tuxwell,Australia,70% Dark Bites,10/01/2022,"$7,063 ",7063,104, $67.91 
Beverie Moffet,USA,70% Dark Bites,27/06/2022,"$2,275 ",2275,115, $19.78 
Barr Faughny,Canada,Orange Choco,30/06/2022,"$7,602 ",7602,18, $422.33 
Roddy Speechley,Australia,85% Dark Bars,08/07/2022,"$4,200 ",4200,80, $52.50 
Oby Sorrel,India,Spicy Special Slims,08/06/2022,"$11,137 ",11137,88, $126.56 
Jan Morforth,UK,Manuka Honey Choco,18/08/2022,"$3,388 ",3388,212, $15.98 
Kaine Padly,Australia,After Nines,08/04/2022,"$6,832 ",6832,306, $22.33 
Wilone O'Kielt,Canada,Fruit & Nut Bars,08/08/2022,"$3,437 ",3437,181, $18.99 
Wilone O'Kielt,UK,Milk Bars,26/08/2022,$301 ,301,65, $4.63 
Oby Sorrel,Canada,Fruit & Nut Bars,14/01/2022,"$1,869 ",1869,158, $11.83 
Dennison Crosswaite,USA,Baker's Choco Chips,11/08/2022,"$17,465 ",17465,271, $64.45 
Madelene Upcott,USA,Almond Choco,31/05/2022,"$10,143 ",10143,24, $422.63 
Van Tuxwell,New Zealand,50% Dark Bites,11/07/2022,"$3,626 ",3626,10, $362.60 
Karlen McCaffrey,Canada,Caramel Stuffed Bars,02/03/2022,"$3,346 ",3346,304, $11.01 
Madelene Upcott,Australia,Raspberry Choco,13/07/2022,"$6,321 ",6321,88, $71.83 
Rafaelita Blaksland,UK,Spicy Special Slims,03/08/2022,"$9,345 ",9345,133, $70.26 
Curtice Advani,UK,Peanut Butter Cubes,01/03/2022,"$15,008 ",15008,165, $90.96 
Kelci Walkden,New Zealand,White Choc,13/04/2022,"$7,609 ",7609,150, $50.73 
Beverie Moffet,Canada,Fruit & Nut Bars,14/02/2022,"$10,332 ",10332,180, $57.40 
Mallorie Waber,India,White Choc,26/07/2022,$819 ,819,213, $3.85 
Brien Boise,UK,Drinking Coco,27/01/2022,"$5,754 ",5754,133, $43.26 
Jehu Rudeforth,India,Peanut Butter Cubes,14/04/2022,$28 ,28,446, $0.06 
Oby Sorrel,USA,Almond Choco,19/05/2022,"$6,440 ",6440,141, $45.67 
Husein Augar,India,Eclairs,09/02/2022,"$4,956 ",4956,58, $85.45 
Brien Boise,UK,Spicy Special Slims,25/05/2022,"$2,352 ",2352,58, $40.55 
Oby Sorrel,Australia,Manuka Honey Choco,26/01/2022,"$3,906 ",3906,76, $51.39 
Beverie Moffet,India,White Choc,04/07/2022,"$1,813 ",1813,296, $6.13 
Ches Bonnell,India,Almond Choco,13/04/2022,"$11,788 ",11788,73, $161.48 
Gigi Bohling,Australia,Smooth Sliky Salty,25/01/2022,"$5,768 ",5768,119, $48.47 
Camilla Castle,USA,85% Dark Bars,25/04/2022,"$2,401 ",2401,78, $30.78 
Camilla Castle,USA,Eclairs,10/06/2022,"$4,515 ",4515,392, $11.52 
Madelene Upcott,New Zealand,White Choc,22/08/2022,"$10,794 ",10794,51, $211.65 
Van Tuxwell,India,After Nines,27/06/2022,"$13,706 ",13706,207, $66.21 
Husein Augar,India,Orange Choco,30/06/2022,"$4,361 ",4361,40, $109.03 
Jehu Rudeforth,India,Almond Choco,30/08/2022,"$10,122 ",10122,100, $101.22 
Karlen McCaffrey,Australia,Raspberry Choco,23/08/2022,$994 ,994,57, $17.44 
Camilla Castle,New Zealand,99% Dark & Pure,26/08/2022,"$2,268 ",2268,42, $54.00 
Gigi Bohling,Australia,Orange Choco,09/03/2022,$574 ,574,156, $3.68 
Kelci Walkden,UK,Drinking Coco,20/04/2022,"$1,792 ",1792,23, $77.91 
Mallorie Waber,Canada,Caramel Stuffed Bars,10/06/2022,"$4,844 ",4844,539, $8.99 
Husein Augar,Australia,Organic Choco Syrup,08/02/2022,$938 ,938,158, $5.94 
Brien Boise,Australia,White Choc,25/08/2022,"$4,879 ",4879,22, $221.77 
Dotty Strutley,India,Peanut Butter Cubes,16/02/2022,"$9,107 ",9107,73, $124.75 
Dennison Crosswaite,UK,99% Dark & Pure,30/05/2022,"$12,187 ",12187,27, $451.37 
Gigi Bohling,New Zealand,50% Dark Bites,29/06/2022,"$5,670 ",5670,64, $88.59 
Gigi Bohling,USA,Milk Bars,16/06/2022,$476 ,476,133, $3.58 
Brien Boise,UK,Caramel Stuffed Bars,04/03/2022,"$2,681 ",2681,149, $17.99 
Curtice Advani,New Zealand,Peanut Butter Cubes,15/03/2022,"$1,533 ",1533,434, $3.53 
Curtice Advani,New Zealand,50% Dark Bites,27/01/2022,"$9,765 ",9765,85, $114.88 
Beverie Moffet,Canada,Drinking Coco,05/07/2022,$994 ,994,118, $8.42 
Barr Faughny,USA,Caramel Stuffed Bars,29/03/2022,"$3,318 ",3318,299, $11.10 
Mallorie Waber,Canada,Almond Choco,12/05/2022,"$4,214 ",4214,35, $120.40 
Oby Sorrel,USA,Drinking Coco,11/03/2022,"$7,714 ",7714,44, $175.32 
Brien Boise,New Zealand,Eclairs,11/07/2022,"$4,690 ",4690,299, $15.69 
Gunar Cockshoot,New Zealand,Choco Coated Almonds,01/08/2022,"$13,062 ",13062,62, $210.68 
Gunar Cockshoot,UK,Spicy Special Slims,16/02/2022,"$12,488 ",12488,200, $62.44 
Curtice Advani,USA,After Nines,13/04/2022,"$14,147 ",14147,235, $60.20 
Oby Sorrel,India,Choco Coated Almonds,14/02/2022,$49 ,49,363, $0.13 
Ches Bonnell,Australia,Peanut Butter Cubes,14/03/2022,"$10,199 ",10199,68, $149.99 
Oby Sorrel,Australia,Spicy Special Slims,26/04/2022,"$11,389 ",11389,26, $438.04 
Jehu Rudeforth,Canada,Manuka Honey Choco,05/04/2022,"$3,584 ",3584,200, $17.92 
Camilla Castle,Canada,Drinking Coco,03/03/2022,"$12,481 ",12481,264, $47.28 
Kaine Padly,USA,Spicy Special Slims,13/06/2022,"$2,107 ",2107,175, $12.04 
Marney O'Breen,New Zealand,70% Dark Bites,14/02/2022,"$8,603 ",8603,352, $24.44 
Roddy Speechley,New Zealand,99% Dark & Pure,18/04/2022,"$7,483 ",7483,183, $40.89 
Oby Sorrel,New Zealand,85% Dark Bars,01/02/2022,"$3,381 ",3381,417, $8.11 
Dotty Strutley,New Zealand,Orange Choco,04/08/2022,"$2,030 ",2030,146, $13.90 
Andria Kimpton,New Zealand,Almond Choco,05/04/2022,"$6,559 ",6559,158, $41.51 
Karlen McCaffrey,Australia,99% Dark & Pure,26/01/2022,"$10,822 ",10822,168, $64.42 
Kaine Padly,UK,After Nines,21/01/2022,"$18,697 ",18697,176, $106.23 
Kaine Padly,Canada,After Nines,22/08/2022,"$5,845 ",5845,172, $33.98 
Kaine Padly,UK,Drinking Coco,27/01/2022,"$2,317 ",2317,224, $10.34 
Rafaelita Blaksland,UK,50% Dark Bites,16/02/2022,"$10,150 ",10150,68, $149.26 
Dotty Strutley,USA,Raspberry Choco,03/01/2022,"$3,437 ",3437,46, $74.72 
Karlen McCaffrey,USA,White Choc,24/08/2022,"$4,592 ",4592,2," $2,296.00 "
Oby Sorrel,USA,Spicy Special Slims,07/02/2022,"$5,691 ",5691,417, $13.65 
Mallorie Waber,Australia,Smooth Sliky Salty,11/02/2022,"$4,158 ",4158,109, $38.15 
Kaine Padly,Canada,Organic Choco Syrup,29/03/2022,"$5,684 ",5684,81, $70.17 
Marney O'Breen,USA,Peanut Butter Cubes,15/06/2022,$693 ,693,350, $1.98 
Dennison Crosswaite,UK,Smooth Sliky Salty,26/04/2022,$546 ,546,142, $3.85 
Brien Boise,Australia,Organic Choco Syrup,15/07/2022,"$4,263 ",4263,264, $16.15 
Beverie Moffet,India,Organic Choco Syrup,23/06/2022,"$1,036 ",1036,20, $51.80 
Dennison Crosswaite,Australia,Baker's Choco Chips,11/01/2022,"$13,846 ",13846,421, $32.89 
Beverie Moffet,UK,50% Dark Bites,09/02/2022,"$2,499 ",2499,271, $9.22 
Van Tuxwell,UK,Almond Choco,06/06/2022,"$10,689 ",10689,204, $52.40 
Dotty Strutley,UK,Caramel Stuffed Bars,10/08/2022,"$5,768 ",5768,235, $24.54 
Wilone O'Kielt,Australia,Smooth Sliky Salty,04/01/2022,"$2,226 ",2226,46, $48.39 
Andria Kimpton,Canada,70% Dark Bites,08/04/2022,"$10,262 ",10262,15, $684.13 
Barr Faughny,UK,Milk Bars,02/03/2022,"$3,864 ",3864,430, $8.99 
Van Tuxwell,Canada,Drinking Coco,15/06/2022,"$4,900 ",4900,709, $6.91 
Jehu Rudeforth,Australia,After Nines,14/02/2022,"$5,250 ",5250,47, $111.70 
Husein Augar,UK,After Nines,05/07/2022,"$3,507 ",3507,380, $9.23 
Barr Faughny,India,Mint Chip Choco,12/01/2022,"$7,413 ",7413,465, $15.94 
Curtice Advani,India,Mint Chip Choco,03/03/2022,"$8,155 ",8155,96, $84.95 
Jehu Rudeforth,New Zealand,Milk Bars,18/05/2022,"$2,478 ",2478,188, $13.18 
Gunar Cockshoot,India,Caramel Stuffed Bars,28/07/2022,"$2,471 ",2471,202, $12.23 
Curtice Advani,UK,Manuka Honey Choco,07/02/2022,"$1,666 ",1666,106, $15.72 
Andria Kimpton,India,Orange Choco,30/05/2022,$301 ,301,421, $0.71 
Mallorie Waber,Australia,Raspberry Choco,25/04/2022,"$8,400 ",8400,27, $311.11 
Beverie Moffet,Canada,85% Dark Bars,16/02/2022,"$6,139 ",6139,45, $136.42 
Kelci Walkden,Australia,Drinking Coco,04/05/2022,"$1,288 ",1288,60, $21.47 
Van Tuxwell,Canada,70% Dark Bites,02/06/2022,"$7,077 ",7077,77, $91.91 
Dennison Crosswaite,USA,Caramel Stuffed Bars,11/07/2022,"$2,317 ",2317,464, $4.99 
Beverie Moffet,New Zealand,Spicy Special Slims,07/06/2022,$63 ,63,60, $1.05 
Jan Morforth,UK,Almond Choco,06/07/2022,"$9,744 ",9744,157, $62.06 
Husein Augar,India,Raspberry Choco,15/06/2022,"$9,954 ",9954,154, $64.64 
Dotty Strutley,India,Mint Chip Choco,14/04/2022,"$1,260 ",1260,239, $5.27 
Camilla Castle,India,Drinking Coco,08/08/2022,$469 ,469,163, $2.88 
Marney O'Breen,UK,Drinking Coco,29/03/2022,$973 ,973,28, $34.75 
Roddy Speechley,Australia,Organic Choco Syrup,04/07/2022,"$3,647 ",3647,76, $47.99 
Ches Bonnell,India,99% Dark & Pure,16/02/2022,$455 ,455,96, $4.74 
Rafaelita Blaksland,Canada,Spicy Special Slims,02/05/2022,"$2,520 ",2520,156, $16.15 
Van Tuxwell,India,Eclairs,21/07/2022,"$10,500 ",10500,106, $99.06 
Gunar Cockshoot,Australia,99% Dark & Pure,18/08/2022,"$7,952 ",7952,235, $33.84 
Kaine Padly,USA,85% Dark Bars,22/06/2022,$483 ,483,259, $1.86 
Camilla Castle,UK,Peanut Butter Cubes,19/07/2022,"$4,872 ",4872,126, $38.67 
Madelene Upcott,UK,Peanut Butter Cubes,12/08/2022,"$7,756 ",7756,85, $91.25 
Madelene Upcott,USA,Choco Coated Almonds,07/06/2022,"$5,446 ",5446,132, $41.26 
Marney O'Breen,Canada,Peanut Butter Cubes,08/03/2022,"$6,594 ",6594,91, $72.46 
Ches Bonnell,Australia,Choco Coated Almonds,08/04/2022,"$1,470 ",1470,167, $8.80 
Curtice Advani,Canada,Eclairs,06/05/2022,$721 ,721,203, $3.55 
Roddy Speechley,India,Drinking Coco,31/05/2022,"$4,494 ",4494,11, $408.55 
Van Tuxwell,Australia,Mint Chip Choco,13/01/2022,"$2,674 ",2674,295, $9.06 
Dennison Crosswaite,USA,70% Dark Bites,15/03/2022,$658 ,658,77, $8.55 
Andria Kimpton,Canada,Peanut Butter Cubes,16/02/2022,"$1,127 ",1127,319, $3.53 
Gigi Bohling,USA,70% Dark Bites,14/01/2022,"$7,364 ",7364,196, $37.57 
Rafaelita Blaksland,Australia,White Choc,21/03/2022,"$6,818 ",6818,102, $66.84 
Roddy Speechley,Canada,Drinking Coco,17/05/2022,"$6,776 ",6776,312, $21.72 
Camilla Castle,New Zealand,85% Dark Bars,08/08/2022,"$15,099 ",15099,55, $274.53 
Madelene Upcott,Canada,Milk Bars,26/04/2022,"$3,612 ",3612,82, $44.05 
Madelene Upcott,Australia,70% Dark Bites,15/04/2022,"$3,710 ",3710,260, $14.27 
Oby Sorrel,Canada,Eclairs,19/05/2022,"$6,111 ",6111,591, $10.34 
Dennison Crosswaite,Canada,Drinking Coco,10/01/2022,"$2,702 ",2702,24, $112.58 
Mallorie Waber,New Zealand,After Nines,04/05/2022,$483 ,483,228, $2.12 
Roddy Speechley,Canada,White Choc,05/04/2022,"$5,887 ",5887,268, $21.97 
Andria Kimpton,India,After Nines,17/01/2022,$952 ,952,68, $14.00 
Roddy Speechley,India,Spicy Special Slims,22/03/2022,"$10,647 ",10647,173, $61.54 
Dotty Strutley,Australia,White Choc,05/07/2022,"$6,055 ",6055,93, $65.11 
Oby Sorrel,Canada,Orange Choco,27/04/2022,"$8,757 ",8757,338, $25.91 
Kaine Padly,Canada,Almond Choco,12/08/2022,"$6,055 ",6055,73, $82.95 
Jan Morforth,UK,Baker's Choco Chips,11/03/2022,$721 ,721,251, $2.87 
Jehu Rudeforth,UK,Fruit & Nut Bars,13/05/2022,"$8,589 ",8589,229, $37.51 
Dennison Crosswaite,USA,Smooth Sliky Salty,12/05/2022,"$11,781 ",11781,91, $129.46 
Brien Boise,USA,Raspberry Choco,12/01/2022,$672 ,672,194, $3.46 
Madelene Upcott,New Zealand,Milk Bars,29/03/2022,"$12,558 ",12558,403, $31.16 
Roddy Speechley,India,50% Dark Bites,14/03/2022,"$8,337 ",8337,12, $694.75 
Barr Faughny,New Zealand,99% Dark & Pure,24/05/2022,"$8,134 ",8134,195, $41.71 
Dennison Crosswaite,Canada,Organic Choco Syrup,28/01/2022,"$8,491 ",8491,75, $113.21 
Beverie Moffet,India,Almond Choco,24/05/2022,"$3,066 ",3066,96, $31.94 
Brien Boise,Australia,Peanut Butter Cubes,19/08/2022,$301 ,301,205, $1.47 
Karlen McCaffrey,Australia,Spicy Special Slims,17/05/2022,"$4,410 ",4410,323, $13.65 
Jehu Rudeforth,USA,White Choc,07/06/2022,"$6,559 ",6559,119, $55.12 
Ches Bonnell,Canada,Organic Choco Syrup,26/07/2022,$574 ,574,217, $2.65 
Dotty Strutley,India,Eclairs,28/07/2022,"$2,086 ",2086,384, $5.43 
Karlen McCaffrey,India,70% Dark Bites,23/05/2022,"$5,075 ",5075,344, $14.75 
